-- MySQL dump 10.13  Distrib 5.5.44, for debian-linux-gnu (x86_64)
--
-- Host: localhost    Database: auction_db
-- ------------------------------------------------------
-- Server version	5.5.44-0ubuntu0.14.04.1

/*!40101 SET @OLD_CHARACTER_SET_CLIENT=@@CHARACTER_SET_CLIENT */;
/*!40101 SET @OLD_CHARACTER_SET_RESULTS=@@CHARACTER_SET_RESULTS */;
/*!40101 SET @OLD_COLLATION_CONNECTION=@@COLLATION_CONNECTION */;
/*!40101 SET NAMES utf8 */;
/*!40103 SET @OLD_TIME_ZONE=@@TIME_ZONE */;
/*!40103 SET TIME_ZONE='+00:00' */;
/*!40014 SET @OLD_UNIQUE_CHECKS=@@UNIQUE_CHECKS, UNIQUE_CHECKS=0 */;
/*!40014 SET @OLD_FOREIGN_KEY_CHECKS=@@FOREIGN_KEY_CHECKS, FOREIGN_KEY_CHECKS=0 */;
/*!40101 SET @OLD_SQL_MODE=@@SQL_MODE, SQL_MODE='NO_AUTO_VALUE_ON_ZERO' */;
/*!40111 SET @OLD_SQL_NOTES=@@SQL_NOTES, SQL_NOTES=0 */;

--
-- Table structure for table `address`
--
create database auction_db;
use auction_db;
DROP TABLE IF EXISTS `address`;
/*!40101 SET @saved_cs_client     = @@character_set_client */;
/*!40101 SET character_set_client = utf8 */;
CREATE TABLE `address` (
  `addressId` bigint(20) NOT NULL AUTO_INCREMENT,
  `line1` varchar(100) NOT NULL,
  `line2` varchar(100) DEFAULT NULL,
  `city` varchar(50) NOT NULL,
  `state` varchar(50) DEFAULT NULL,
  `country` varchar(50) NOT NULL,
  `pincode` int(11) DEFAULT NULL,
  `createdTime` datetime NOT NULL,
  `lastUpdateTime` datetime NOT NULL,
  PRIMARY KEY (`addressId`)
) ENGINE=InnoDB DEFAULT CHARSET=latin1;
/*!40101 SET character_set_client = @saved_cs_client */;

--
-- Dumping data for table `address`
--

LOCK TABLES `address` WRITE;
/*!40000 ALTER TABLE `address` DISABLE KEYS */;
/*!40000 ALTER TABLE `address` ENABLE KEYS */;
UNLOCK TABLES;

--
-- Table structure for table `auction`
--

DROP TABLE IF EXISTS `auction`;
/*!40101 SET @saved_cs_client     = @@character_set_client */;
/*!40101 SET character_set_client = utf8 */;
CREATE TABLE `auction` (
  `auctionId` bigint(20) NOT NULL AUTO_INCREMENT,
  `status` varchar(10) DEFAULT 'Start',
  `isApproved` varchar(10) DEFAULT '0',
  `name` varchar(100) DEFAULT NULL,
  `createdTime` timestamp NOT NULL DEFAULT CURRENT_TIMESTAMP,
  `lastupDateTime` timestamp NULL DEFAULT NULL,
  `auctionStartTime` timestamp NULL DEFAULT NULL,
  `auctionEndTime` timestamp NULL DEFAULT NULL,
  `biditemgroupid` bigint(11) DEFAULT NULL,
  PRIMARY KEY (`auctionId`)
) ENGINE=InnoDB AUTO_INCREMENT=87 DEFAULT CHARSET=latin1;
/*!40101 SET character_set_client = @saved_cs_client */;

--
-- Dumping data for table `auction`
--

LOCK TABLES `auction` WRITE;
/*!40000 ALTER TABLE `auction` DISABLE KEYS */;
INSERT INTO `auction` VALUES (67,'Closed','1','Auction - 67','2012-03-19 07:25:30','2012-05-12 18:30:00','2012-05-13 15:59:01','2012-05-12 18:30:00',NULL),(68,'Closed','1','AUCTION - 68','2012-03-19 07:31:19','2012-05-12 18:30:00','2012-05-13 08:09:27','2012-05-12 18:30:00',NULL),(69,'Closed','1','AUCTION - 69','2012-03-19 21:52:26','2012-05-12 18:30:00','2012-05-13 07:24:35','2012-05-12 18:30:00',NULL),(70,'Terminated','1','TEST AUCTION - 70','2012-04-29 19:41:47','2012-05-12 18:30:00',NULL,'2012-05-12 18:30:00',NULL),(71,'Closed','1','TEST AUCTION - 71','2012-04-29 19:42:56','2012-05-12 18:30:00',NULL,'2012-05-12 18:30:00',NULL),(72,'Closed','1','TEST AUCTION - 72','2012-04-29 19:52:35','2012-05-12 18:30:00','2012-05-13 08:17:52','2012-05-12 18:30:00',NULL),(73,'Closed','1','TEST AUCTION - 73','2012-05-13 17:53:55','2012-05-12 18:30:00','2012-05-13 17:59:01','2012-05-12 18:30:00',NULL),(74,'Closed','1','TEST AUCTION - 74','2012-05-13 18:14:21','2012-05-13 18:30:00','2012-05-13 18:20:33','2012-05-13 18:30:00',NULL),(75,'Closed','1','TEST AUCTION - 75','2012-05-13 18:51:59','2012-05-13 18:30:00','2012-05-13 18:55:05','2012-05-13 18:30:00',NULL),(76,'Closed','1','TEST AUCTION - 76','2012-05-14 16:08:11','2015-07-29 18:30:00','2012-05-14 16:11:16','2015-07-29 18:30:00',NULL),(77,'Closed','1','TEST AUCTION - 77','2015-07-29 12:58:34','2015-07-29 18:30:00','2015-07-30 06:11:04','2015-07-29 18:30:00',NULL),(78,'Closed','1','Ashish','2015-07-30 10:15:38','2015-08-19 14:10:57','2015-07-30 10:24:23','2015-08-19 14:10:57',68),(79,'Running','1','Ashish','2015-07-30 10:20:47','2015-08-19 14:15:19','2015-08-19 14:18:19',NULL,NULL),(80,'Start','0','Ashish','2015-07-30 10:16:44',NULL,NULL,NULL,NULL),(81,'Start','1','Ashish','2015-07-30 10:18:30',NULL,NULL,NULL,NULL),(82,'Start','1','Test Auction','2015-07-31 05:10:08',NULL,NULL,NULL,NULL),(83,'Start','1','Test Auction','2015-07-31 05:11:09',NULL,NULL,NULL,NULL),(84,'0','-1','','2015-07-31 07:04:32',NULL,NULL,NULL,NULL),(85,'Start','1','Sk','2015-08-20 08:00:39',NULL,NULL,NULL,NULL),(86,'Start','1','sk new','2015-08-20 08:03:37',NULL,NULL,NULL,NULL);
/*!40000 ALTER TABLE `auction` ENABLE KEYS */;
UNLOCK TABLES;

--
-- Table structure for table `autobids`
--

DROP TABLE IF EXISTS `autobids`;
/*!40101 SET @saved_cs_client     = @@character_set_client */;
/*!40101 SET character_set_client = utf8 */;
CREATE TABLE `autobids` (
  `autoBidId` bigint(20) NOT NULL AUTO_INCREMENT,
  `auctionId` bigint(20) NOT NULL,
  `biditemId` bigint(20) NOT NULL,
  `bidAmount` double(20,2) NOT NULL,
  `currency` varchar(20) NOT NULL,
  `bidTime` datetime NOT NULL,
  `bidStatus` varchar(20) DEFAULT 'OPEN',
  `biddername` varchar(255) NOT NULL,
  `comments` varchar(255) DEFAULT NULL,
  PRIMARY KEY (`autoBidId`),
  KEY `FK_autobids_auction` (`auctionId`),
  KEY `FK_autobids_biditem` (`biditemId`),
  KEY `FK_autobids_user` (`biddername`),
  CONSTRAINT `FK_autobids_biditem` FOREIGN KEY (`biditemId`) REFERENCES `biditem` (`bidItemId`)
) ENGINE=InnoDB AUTO_INCREMENT=5 DEFAULT CHARSET=latin1;
/*!40101 SET character_set_client = @saved_cs_client */;

--
-- Dumping data for table `autobids`
--

LOCK TABLES `autobids` WRITE;
/*!40000 ALTER TABLE `autobids` DISABLE KEYS */;
INSERT INTO `autobids` VALUES (1,74,128,30000.00,'INR','2012-05-13 23:48:11','A','bidder1','No Comments'),(2,75,149,30000.00,'INR','2012-05-14 00:23:24','A','bidder2','No Comments'),(3,76,170,30000.00,'INR','2012-05-14 21:38:52','A','bidder1','No Comments'),(4,76,170,32000.00,'INR','2012-05-14 21:39:19','A','bidder2','No Comments');
/*!40000 ALTER TABLE `autobids` ENABLE KEYS */;
UNLOCK TABLES;

--
-- Table structure for table `biddercategory`
--

DROP TABLE IF EXISTS `biddercategory`;
/*!40101 SET @saved_cs_client     = @@character_set_client */;
/*!40101 SET character_set_client = utf8 */;
CREATE TABLE `biddercategory` (
  `auctionId` bigint(20) NOT NULL,
  `categoryid` bigint(20) NOT NULL,
  `userId` bigint(20) NOT NULL,
  `id` bigint(20) NOT NULL AUTO_INCREMENT,
  PRIMARY KEY (`id`),
  UNIQUE KEY `auctionId` (`auctionId`,`categoryid`,`userId`),
  KEY `FK_biddercategory_auction` (`auctionId`),
  KEY `FK_biddercategory_cat` (`categoryid`),
  KEY `FK_biddercategory_user` (`userId`),
  CONSTRAINT `FK_biddercategory_auction` FOREIGN KEY (`auctionId`) REFERENCES `auction` (`auctionId`),
  CONSTRAINT `FK_biddercategory_cat` FOREIGN KEY (`categoryid`) REFERENCES `category` (`categoryId`)
) ENGINE=InnoDB AUTO_INCREMENT=157 DEFAULT CHARSET=latin1;
/*!40101 SET character_set_client = @saved_cs_client */;

--
-- Dumping data for table `biddercategory`
--

LOCK TABLES `biddercategory` WRITE;
/*!40000 ALTER TABLE `biddercategory` DISABLE KEYS */;
INSERT INTO `biddercategory` VALUES (67,1,1,1),(67,1,8,2),(67,1,12,3),(67,1,13,4),(67,1,16,5),(67,2,1,6),(67,2,12,7),(67,2,16,8),(68,2,2,9),(68,2,3,10),(68,2,4,11),(68,2,6,12),(68,2,7,13),(68,2,8,14),(68,2,9,15),(68,2,10,16),(68,2,11,17),(68,2,12,18),(68,2,13,19),(68,2,14,20),(68,2,15,21),(68,2,16,22),(69,2,2,23),(69,2,3,24),(69,2,4,25),(69,2,6,26),(69,2,7,27),(69,2,8,28),(69,2,9,29),(69,2,10,30),(69,2,11,31),(69,2,12,32),(69,2,13,33),(69,2,14,34),(69,2,15,35),(69,2,16,36),(70,2,85,37),(70,2,86,38),(70,2,87,39),(70,2,88,40),(70,2,89,41),(70,2,90,42),(70,2,91,43),(70,2,92,44),(70,2,93,45),(70,2,94,46),(71,2,85,47),(71,2,86,48),(71,2,87,49),(71,2,88,50),(71,2,89,51),(71,2,90,52),(71,2,91,53),(71,2,92,54),(71,2,93,55),(71,2,94,56),(72,1,2,57),(72,2,2,58),(72,2,85,59),(72,2,86,60),(72,2,87,61),(72,2,88,62),(72,2,89,63),(72,2,90,64),(72,2,91,65),(72,2,92,66),(72,2,93,67),(72,2,94,68),(72,3,2,69),(72,4,2,70),(72,5,2,71),(73,1,2,72),(73,2,2,73),(73,2,85,74),(73,2,86,75),(73,2,87,76),(73,2,88,77),(73,2,89,78),(73,2,90,79),(73,2,91,80),(73,2,92,81),(73,2,93,82),(73,2,94,83),(74,1,2,84),(74,1,4,85),(74,2,2,86),(74,2,4,87),(74,2,85,88),(74,2,86,89),(74,2,87,90),(74,2,88,91),(74,2,89,92),(74,2,90,93),(74,2,91,94),(74,2,92,95),(74,2,93,96),(74,2,94,97),(74,3,4,98),(74,4,4,99),(74,5,4,100),(75,1,2,101),(75,1,3,102),(75,1,4,103),(75,2,2,104),(75,2,3,105),(75,2,4,106),(75,2,85,107),(75,2,86,108),(75,2,87,109),(75,2,88,110),(75,2,89,111),(75,2,90,112),(75,2,91,113),(75,2,92,114),(75,2,93,115),(75,2,94,116),(76,1,2,117),(76,1,3,118),(76,1,4,119),(76,2,2,120),(76,2,3,121),(76,2,4,122),(76,2,85,123),(76,2,86,124),(76,2,87,125),(76,2,88,126),(76,2,89,127),(76,2,90,128),(76,2,91,129),(76,2,92,130),(76,2,93,131),(76,2,94,132),(76,3,2,133),(76,3,3,134),(76,3,4,135),(77,1,2,136),(77,1,3,137),(77,2,2,138),(77,2,3,139),(77,2,85,140),(77,2,86,141),(77,2,87,142),(77,2,88,143),(77,2,89,144),(77,2,90,145),(77,2,91,146),(77,2,92,147),(77,2,93,148),(77,2,94,149),(77,3,2,150),(77,3,3,151),(77,4,2,152),(77,4,3,153),(77,5,2,154),(77,5,3,155),(78,2,2,156);
/*!40000 ALTER TABLE `biddercategory` ENABLE KEYS */;
UNLOCK TABLES;

--
-- Table structure for table `biditem`
--

DROP TABLE IF EXISTS `biditem`;
/*!40101 SET @saved_cs_client     = @@character_set_client */;
/*!40101 SET character_set_client = utf8 */;
CREATE TABLE `biditem` (
  `bidItemId` bigint(20) NOT NULL AUTO_INCREMENT,
  `biditemgroupid` bigint(20) NOT NULL,
  `name` varchar(255) NOT NULL,
  `location` varchar(100) DEFAULT NULL,
  `city` varchar(100) DEFAULT NULL,
  `zone` varchar(50) DEFAULT NULL,
  `minBidPrice` double(13,2) NOT NULL,
  `minBidIncrement` double(13,2) NOT NULL,
  `bidStartTime` datetime DEFAULT NULL,
  `bidEndTime` datetime DEFAULT NULL,
  `timeExtn` int(10) unsigned DEFAULT '1',
  `statusCode` varchar(20) DEFAULT 'START',
  `categoryId` bigint(20) NOT NULL,
  `marketId` bigint(20) DEFAULT NULL,
  `currency` varchar(10) DEFAULT 'INR',
  `lastUpdateTime` datetime NOT NULL,
  `createdTime` datetime NOT NULL,
  `autobidid` bigint(20) DEFAULT NULL,
  `autobiddername` varchar(100) DEFAULT NULL,
  `Biddername` varchar(50) DEFAULT NULL,
  `serialNumber` varchar(20) DEFAULT NULL,
  `currentMarketPrice` double DEFAULT NULL,
  `isProcessed` varchar(20) DEFAULT NULL,
  `initialStartTime` int(10) unsigned DEFAULT '3',
  `document` longblob,
  PRIMARY KEY (`bidItemId`),
  KEY `FK_biditem` (`biditemgroupid`),
  KEY `FK_biditem_cat` (`categoryId`),
  KEY `FK_biditem_market` (`marketId`),
  CONSTRAINT `FK_biditem` FOREIGN KEY (`biditemgroupid`) REFERENCES `auction` (`auctionId`),
  CONSTRAINT `FK_biditem_cat` FOREIGN KEY (`categoryId`) REFERENCES `category` (`categoryId`),
  CONSTRAINT `FK_biditem_market` FOREIGN KEY (`marketId`) REFERENCES `markets` (`marketId`)
) ENGINE=InnoDB AUTO_INCREMENT=212 DEFAULT CHARSET=latin1;
/*!40101 SET character_set_client = @saved_cs_client */;

--
-- Dumping data for table `biditem`
--

LOCK TABLES `biditem` WRITE;
/*!40000 ALTER TABLE `biditem` DISABLE KEYS */;
INSERT INTO `biditem` VALUES (2,68,'8\" TO 20\" X MIX ALL CATEGORY','noida','noida','',22000.00,200.00,'2012-05-13 13:39:28','2012-05-13 13:41:28',60,'END',2,1,'INR','2012-05-13 13:39:28','2012-03-19 13:01:20',NULL,NULL,NULL,'1',22000,NULL,3,NULL),(3,68,'8\" TO 20\" X MIX ALL CATEGORY','noida','noida','',22000.00,200.00,'2012-03-19 13:08:41','2012-03-19 13:10:41',60,'END',2,1,'INR','2012-03-19 13:08:41','2012-03-19 13:01:20',NULL,NULL,NULL,'2',22000,NULL,3,NULL),(4,68,'8\" TO 20\" X MIX ALL CATEGORY','noida','noida','',22000.00,200.00,'2012-03-19 13:10:41','2012-03-19 13:12:41',60,'END',2,1,'INR','2012-03-19 13:10:41','2012-03-19 13:01:20',NULL,NULL,NULL,'3',22000,NULL,3,NULL),(5,68,'8\" X 6.4 - 10 CROSS WELD & WINDO','noida','noida','',25000.00,200.00,'2012-03-19 13:12:41','2012-03-19 13:14:41',60,'END',2,1,'INR','2012-03-19 13:12:41','2012-03-19 13:01:20',NULL,NULL,NULL,'4',25000,NULL,3,NULL),(6,68,'8\" X 6.4 - 10 CROSS WELD & WINDO','noida','noida','',25000.00,200.00,'2012-03-19 13:14:41','2012-03-19 13:16:41',60,'END',2,1,'INR','2012-03-19 13:14:41','2012-03-19 13:01:20',NULL,NULL,NULL,'5',25000,NULL,3,NULL),(7,68,'8\" X 6.4 - 10 CROSS WELD & WINDO','noida','noida','',25000.00,200.00,'2012-03-19 13:16:41','2012-03-19 13:18:41',60,'END',2,1,'INR','2012-03-19 13:16:41','2012-03-19 13:01:20',NULL,NULL,NULL,'6',25000,NULL,3,NULL),(8,68,'8\" X 6.4 - 10 CROSS WELD & WINDO','noida','noida','',24000.00,200.00,'2012-03-19 13:18:41','2012-03-19 13:20:41',60,'END',2,1,'INR','2012-03-19 13:18:41','2012-03-19 13:01:20',NULL,NULL,NULL,'7',24000,NULL,3,NULL),(9,68,'8\" X 6.4 - 11 CROSS WELD & WINDO','noida','noida','',25000.00,200.00,'2012-03-19 13:20:41','2012-03-19 13:22:41',60,'END',2,1,'INR','2012-03-19 13:20:41','2012-03-19 13:01:20',NULL,NULL,NULL,'8',25000,NULL,3,NULL),(10,68,'9-5/8\" X 8 - 10 CROSS WELD & WIN','noida','noida','',24000.00,200.00,'2012-03-19 13:22:41','2012-03-19 13:24:41',60,'END',2,1,'INR','2012-03-19 13:22:41','2012-03-19 13:01:20',NULL,NULL,NULL,'9',24000,NULL,3,NULL),(11,68,'10\" X 6.4 - 10 CROSS WELD & WIND','noida','noida','',23000.00,200.00,'2012-03-19 13:24:41','2012-03-19 13:26:41',60,'END',2,1,'INR','2012-03-19 13:24:41','2012-03-19 13:01:20',NULL,NULL,NULL,'10',23000,NULL,3,NULL),(12,68,'12\" X 6.4 - 10 CROSS WELD & WIND','noida','noida','',23000.00,200.00,'2012-03-19 13:26:41','2012-03-19 13:28:41',60,'END',2,1,'INR','2012-03-19 13:26:41','2012-03-19 13:01:20',NULL,NULL,NULL,'11',23000,NULL,3,NULL),(13,68,'16\" X 4.6 - 6.35 CROSS WELD & WI','noida','noida','',24000.00,200.00,'2012-03-19 13:28:41','2012-03-19 13:30:41',60,'END',2,1,'INR','2012-03-19 13:28:41','2012-03-19 13:01:20',NULL,NULL,NULL,'12',24000,NULL,3,NULL),(14,68,'16\" X 6.4 - 12.7 CROSS WELD & WI','noida','noida','18',24000.00,200.00,'2012-03-19 13:30:41','2012-03-19 13:32:41',60,'END',2,1,'INR','2012-03-19 13:30:41','2012-03-19 13:01:20',NULL,NULL,NULL,'13',24000,NULL,3,NULL),(15,68,'16\" X 6.4 - 12.7 CROSS WELD & WI','noida','noida','CG',24000.00,200.00,'2012-03-19 13:32:41','2012-03-19 13:34:41',60,'END',2,1,'INR','2012-03-19 13:32:41','2012-03-19 13:01:20',NULL,NULL,NULL,'14',24000,NULL,3,NULL),(16,68,'18\" X 6.4 - 10 CROSS WELD & WIND','noida','noida','CG',25000.00,200.00,'2012-03-19 13:34:41','2012-03-19 13:36:41',60,'END',2,1,'INR','2012-03-19 13:34:41','2012-03-19 13:01:20',NULL,NULL,NULL,'15',25000,NULL,3,NULL),(17,68,'18\" X 6.4 - 11 CROSS WELD & WIND','noida','noida','CG',24000.00,200.00,'2012-03-19 13:36:41','2012-03-19 13:38:41',60,'END',2,1,'INR','2012-03-19 13:36:41','2012-03-19 13:01:20',NULL,NULL,NULL,'16',24000,NULL,3,NULL),(18,68,'18\" X 4.6 - 6.35 CROSS WELD & WI','noida','noida','CG',25000.00,200.00,'2012-03-19 13:38:41','2012-03-19 13:40:41',60,'END',2,1,'INR','2012-03-19 13:38:41','2012-03-19 13:01:20',NULL,NULL,NULL,'17',25000,NULL,3,NULL),(19,68,'20\" X 6.4 - 10 CROSS WELD & WIND','noida','noida','CG',25000.00,200.00,'2012-03-19 13:40:41','2012-03-19 13:42:41',60,'END',2,1,'INR','2012-03-19 13:40:41','2012-03-19 13:01:20',NULL,NULL,NULL,'18',25000,NULL,3,NULL),(20,68,'20\" X 4.6 - 12.7 CROSS WELD & WI','noida','noida','CG',24000.00,200.00,'2012-03-19 13:42:42','2012-03-19 13:44:42',60,'END',2,1,'INR','2012-03-19 13:42:42','2012-03-19 13:01:20',NULL,NULL,NULL,'19',24000,NULL,3,NULL),(21,68,'20\" X 4.6 - 6.35 CROSS WELD & WI','noida','noida','CG',25000.00,200.00,'2012-03-19 13:44:42','2012-03-19 13:46:42',60,'END',2,1,'INR','2012-03-19 13:44:42','2012-03-19 13:01:20',NULL,NULL,NULL,'20',25000,NULL,3,NULL),(22,68,'20\" X 6.4 - 12.7 CROSS WELD & WI','noida','noida','CG',25000.00,200.00,'2012-03-19 13:46:42','2012-03-19 13:48:42',60,'END',2,1,'INR','2012-03-19 13:46:42','2012-03-19 13:01:20',NULL,NULL,NULL,'21',25000,NULL,3,NULL),(23,69,'8\" TO 20\" X MIX ALL CATEGORY','noida','noida','',22000.00,200.00,'2012-03-20 03:26:03','2012-03-20 03:28:03',60,'END',2,1,'INR','2012-03-20 03:26:03','2012-03-20 03:22:27',NULL,NULL,NULL,'1',22000,NULL,3,NULL),(24,69,'8\" TO 20\" X MIX ALL CATEGORY','noida','noida','',22000.00,200.00,'2012-03-20 03:28:03','2012-03-20 03:31:03',60,'END',2,1,'INR','2012-03-20 03:29:59','2012-03-20 03:22:27',NULL,NULL,NULL,'2',22200,NULL,3,NULL),(25,69,'8\" TO 20\" X MIX ALL CATEGORY','noida','noida','',22000.00,200.00,'2012-03-20 03:31:03','2012-03-20 03:44:03',60,'END',2,1,'INR','2012-03-20 03:42:23','2012-03-20 03:22:27',NULL,NULL,NULL,'3',23400,NULL,3,NULL),(26,69,'8\" X 6.4 - 10 CROSS WELD & WINDO','noida','noida','',25000.00,200.00,'2012-03-20 03:44:03','2012-03-20 03:46:03',60,'END',2,1,'INR','2012-03-20 03:44:03','2012-03-20 03:22:27',NULL,NULL,NULL,'4',25000,NULL,3,NULL),(27,69,'8\" X 6.4 - 10 CROSS WELD & WINDO','noida','noida','',25000.00,200.00,'2012-03-20 03:46:03','2012-03-20 03:48:03',60,'END',2,1,'INR','2012-03-20 03:46:03','2012-03-20 03:22:27',NULL,NULL,NULL,'5',25000,NULL,3,NULL),(28,69,'8\" X 6.4 - 10 CROSS WELD & WINDO','noida','noida','',25000.00,200.00,'2012-03-20 03:48:03','2012-03-20 03:50:03',60,'END',2,1,'INR','2012-03-20 03:48:03','2012-03-20 03:22:27',NULL,NULL,NULL,'6',25000,NULL,3,NULL),(29,69,'8\" X 6.4 - 10 CROSS WELD & WINDO','noida','noida','',24000.00,200.00,'2012-03-20 03:50:03','2012-03-20 03:52:03',60,'END',2,1,'INR','2012-03-20 03:50:03','2012-03-20 03:22:27',NULL,NULL,NULL,'7',24000,NULL,3,NULL),(30,69,'8\" X 6.4 - 11 CROSS WELD & WINDO','noida','noida','',25000.00,200.00,'2012-03-20 03:52:03','2012-03-20 03:54:03',60,'END',2,1,'INR','2012-03-20 03:52:03','2012-03-20 03:22:27',NULL,NULL,NULL,'8',25000,NULL,3,NULL),(31,69,'9-5/8\" X 8 - 10 CROSS WELD & WIN','noida','noida','',24000.00,200.00,'2012-03-20 03:54:03','2012-03-20 03:56:03',60,'END',2,1,'INR','2012-03-20 03:54:03','2012-03-20 03:22:27',NULL,NULL,NULL,'9',24000,NULL,3,NULL),(32,69,'10\" X 6.4 - 10 CROSS WELD & WIND','noida','noida','',23000.00,200.00,'2012-03-20 03:56:03','2012-03-20 03:58:03',60,'END',2,1,'INR','2012-03-20 03:56:03','2012-03-20 03:22:27',NULL,NULL,NULL,'10',23000,NULL,3,NULL),(33,69,'12\" X 6.4 - 10 CROSS WELD & WIND','noida','noida','',23000.00,200.00,'2012-03-20 03:58:03','2012-03-20 04:00:03',60,'END',2,1,'INR','2012-03-20 03:58:03','2012-03-20 03:22:27',NULL,NULL,NULL,'11',23000,NULL,3,NULL),(34,69,'16\" X 4.6 - 6.35 CROSS WELD & WI','noida','noida','',24000.00,200.00,'2012-03-20 04:00:03','2012-03-20 04:02:03',60,'END',2,1,'INR','2012-03-20 04:00:03','2012-03-20 03:22:27',NULL,NULL,NULL,'12',24000,NULL,3,NULL),(35,69,'16\" X 6.4 - 12.7 CROSS WELD & WI','noida','noida','18',24000.00,200.00,'2012-03-20 04:02:03','2012-03-20 04:04:03',60,'END',2,1,'INR','2012-03-20 04:02:03','2012-03-20 03:22:27',NULL,NULL,NULL,'13',24000,NULL,3,NULL),(36,69,'16\" X 6.4 - 12.7 CROSS WELD & WI','noida','noida','CG',24000.00,200.00,'2012-03-20 04:04:03','2012-03-20 04:06:03',60,'END',2,1,'INR','2012-03-20 04:04:03','2012-03-20 03:22:27',NULL,NULL,NULL,'14',24000,NULL,3,NULL),(37,69,'18\" X 6.4 - 10 CROSS WELD & WIND','noida','noida','CG',25000.00,200.00,'2012-03-20 04:06:03','2012-03-20 04:08:03',60,'END',2,1,'INR','2012-03-20 04:06:03','2012-03-20 03:22:27',NULL,NULL,NULL,'15',25000,NULL,3,NULL),(38,69,'18\" X 6.4 - 11 CROSS WELD & WIND','noida','noida','CG',24000.00,200.00,'2012-03-20 04:08:03','2012-03-20 04:10:03',60,'END',2,1,'INR','2012-03-20 04:08:03','2012-03-20 03:22:27',NULL,NULL,NULL,'16',24000,NULL,3,NULL),(39,69,'18\" X 4.6 - 6.35 CROSS WELD & WI','noida','noida','CG',25000.00,200.00,'2012-03-20 04:10:03','2012-03-20 04:12:03',60,'END',2,1,'INR','2012-03-20 04:10:03','2012-03-20 03:22:27',NULL,NULL,NULL,'17',25000,NULL,3,NULL),(40,69,'20\" X 6.4 - 10 CROSS WELD & WIND','noida','noida','CG',25000.00,200.00,'2012-03-20 04:12:03','2012-03-20 04:14:03',60,'END',2,1,'INR','2012-03-20 04:12:03','2012-03-20 03:22:27',NULL,NULL,NULL,'18',25000,NULL,3,NULL),(41,69,'20\" X 4.6 - 12.7 CROSS WELD & WI','noida','noida','CG',24000.00,200.00,'2012-03-20 04:14:03','2012-03-20 04:16:03',60,'END',2,1,'INR','2012-03-20 04:14:03','2012-03-20 03:22:27',NULL,NULL,NULL,'19',24000,NULL,3,NULL),(42,69,'20\" X 4.6 - 6.35 CROSS WELD & WI','noida','noida','CG',25000.00,200.00,'2012-03-20 04:16:03','2012-03-20 04:18:03',60,'END',2,1,'INR','2012-03-20 04:16:03','2012-03-20 03:22:27',NULL,NULL,NULL,'20',25000,NULL,3,NULL),(43,69,'20\" X 6.4 - 12.7 CROSS WELD & WI','noida','noida','CG',25000.00,200.00,'2012-03-20 04:18:03','2012-03-20 04:20:03',60,'END',2,1,'INR','2012-03-20 04:18:03','2012-03-20 03:22:27',NULL,NULL,NULL,'21',25000,NULL,3,NULL),(44,70,'8\" TO 20\" X MIX ALL CATEGORY','noida','noida','',22000.00,200.00,NULL,NULL,60,'START',2,1,'INR','2012-04-30 01:11:47','2012-04-30 01:11:47',NULL,NULL,NULL,'1',NULL,NULL,3,NULL),(45,70,'8\" TO 20\" X MIX ALL CATEGORY','noida','noida','',22000.00,200.00,NULL,NULL,60,'START',2,1,'INR','2012-04-30 01:11:47','2012-04-30 01:11:47',NULL,NULL,NULL,'2A',NULL,NULL,3,NULL),(46,70,'8\" TO 20\" X MIX ALL CATEGORY','noida','noida','',22000.00,200.00,NULL,NULL,60,'START',2,1,'INR','2012-04-30
 01:11:47','2012-04-30 01:11:47',NULL,NULL,NULL,'3B',NULL,NULL,3,NULL),(47,70,'8\" X 6.4 - 10 CROSS WELD & WINDO','noida','noida','',25000.00,200.00,NULL,NULL,60,'START',2,1,'INR','2012-04-30 01:11:47','2012-04-30 01:11:47',NULL,NULL,NULL,'4',NULL,NULL,3,NULL),(48,70,'8\" X 6.4 - 10 CROSS WELD & WINDO','noida','noida','',25000.00,200.00,NULL,NULL,60,'START',2,1,'INR','2012-04-30 01:11:47','2012-04-30 01:11:47',NULL,NULL,NULL,'5',NULL,NULL,3,NULL),(49,70,'8\" X 6.4 - 10 CROSS WELD & WINDO','noida','noida','',25000.00,200.00,NULL,NULL,60,'START',2,1,'INR','2012-04-30 01:11:47','2012-04-30 01:11:47',NULL,NULL,NULL,'6',NULL,NULL,3,NULL),(50,70,'8\" X 6.4 - 10 CROSS WELD & WINDO','noida','noida','',24000.00,200.00,NULL,NULL,60,'START',2,1,'INR','2012-04-30 01:11:47','2012-04-30 01:11:47',NULL,NULL,NULL,'7',NULL,NULL,3,NULL),(51,70,'8\" X 6.4 - 11 CROSS WELD & WINDO','noida','noida','',25000.00,200.00,NULL,NULL,60,'START',2,1,'INR','2012-04-30 01:11:47','2012-04-30 01:11:47',NULL,NULL,NULL,'8',NULL,NULL,3,NULL),(52,70,'9-5/8\" X 8 - 10 CROSS WELD & WIN','noida','noida','',24000.00,200.00,NULL,NULL,60,'START',2,1,'INR','2012-04-30 01:11:47','2012-04-30 01:11:47',NULL,NULL,NULL,'9',NULL,NULL,3,NULL),(53,70,'10\" X 6.4 - 10 CROSS WELD & WIND','noida','noida','',23000.00,200.00,NULL,NULL,60,'START',2,1,'INR','2012-04-30 01:11:47','2012-04-30 01:11:47',NULL,NULL,NULL,'10',NULL,NULL,3,NULL),(54,70,'12\" X 6.4 - 10 CROSS WELD & WIND','noida','noida','',23000.00,200.00,NULL,NULL,60,'START',2,1,'INR','2012-04-30 01:11:47','2012-04-30 01:11:47',NULL,NULL,NULL,'11',NULL,NULL,3,NULL),(55,70,'16\" X 4.6 - 6.35 CROSS WELD & WI','noida','noida','',24000.00,200.00,NULL,NULL,60,'START',2,1,'INR','2012-04-30 01:11:47','2012-04-30 01:11:47',NULL,NULL,NULL,'12',NULL,NULL,3,NULL),(56,70,'16\" X 6.4 - 12.7 CROSS WELD & WI','noida','noida','18',24000.00,200.00,NULL,NULL,60,'START',2,1,'INR','2012-04-30 01:11:47','2012-04-30 01:11:47',NULL,NULL,NULL,'13',NULL,NULL,3,NULL),(57,70,'16\" X 6.4 - 12.7 CROSS WELD & WI','noida','noida','CG',24000.00,200.00,NULL,NULL,60,'START',2,1,'INR','2012-04-30 01:11:47','2012-04-30 01:11:47',NULL,NULL,NULL,'14',NULL,NULL,3,NULL),(58,70,'18\" X 6.4 - 10 CROSS WELD & WIND','noida','noida','CG',25000.00,200.00,NULL,NULL,60,'START',2,1,'INR','2012-04-30 01:11:47','2012-04-30 01:11:47',NULL,NULL,NULL,'15',NULL,NULL,3,NULL),(59,70,'18\" X 6.4 - 11 CROSS WELD & WIND','noida','noida','CG',24000.00,200.00,NULL,NULL,60,'START',2,1,'INR','2012-04-30 01:11:47','2012-04-30 01:11:47',NULL,NULL,NULL,'16',NULL,NULL,3,NULL),(60,70,'18\" X 4.6 - 6.35 CROSS WELD & WI','noida','noida','CG',25000.00,200.00,NULL,NULL,60,'START',2,1,'INR','2012-04-30 01:11:47','2012-04-30 01:11:47',NULL,NULL,NULL,'17',NULL,NULL,3,NULL),(61,70,'20\" X 6.4 - 10 CROSS WELD & WIND','noida','noida','CG',25000.00,200.00,NULL,NULL,60,'START',2,1,'INR','2012-04-30 01:11:47','2012-04-30 01:11:47',NULL,NULL,NULL,'18',NULL,NULL,3,NULL),(62,70,'20\" X 4.6 - 12.7 CROSS WELD & WI','noida','noida','CG',24000.00,200.00,NULL,NULL,60,'START',2,1,'INR','2012-04-30 01:11:47','2012-04-30 01:11:47',NULL,NULL,NULL,'19',NULL,NULL,3,NULL),(63,70,'20\" X 4.6 - 6.35 CROSS WELD & WI','noida','noida','CG',25000.00,200.00,NULL,NULL,60,'START',2,1,'INR','2012-04-30 01:11:47','2012-04-30 01:11:47',NULL,NULL,NULL,'20',NULL,NULL,3,NULL),(64,70,'20\" X 6.4 - 12.7 CROSS WELD & WI','noida','noida','CG',25000.00,200.00,NULL,NULL,60,'START',2,1,'INR','2012-04-30 01:11:47','2012-04-30 01:11:47',NULL,NULL,NULL,'21',NULL,NULL,3,NULL),(65,71,'8\" TO 20\" X MIX ALL CATEGORY','noida','noida','',22000.00,200.00,NULL,NULL,60,'START',2,1,'INR','2012-04-30 01:12:56','2012-04-30 01:12:56',NULL,NULL,NULL,'1',NULL,NULL,3,NULL),(66,71,'8\" TO 20\" X MIX ALL CATEGORY','noida','noida','',22000.00,200.00,NULL,NULL,60,'START',2,1,'INR','2012-04-30 01:12:56','2012-04-30 01:12:56',NULL,NULL,NULL,'2A',NULL,NULL,3,NULL),(67,71,'8\" TO 20\" X MIX ALL CATEGORY','noida','noida','',22000.00,200.00,NULL,NULL,60,'START',2,1,'INR','2012-04-30 01:12:56','2012-04-30 01:12:56',NULL,NULL,NULL,'3B',NULL,NULL,3,NULL),(68,71,'8\" X 6.4 - 10 CROSS WELD & WINDO','noida','noida','',25000.00,200.00,NULL,NULL,60,'START',2,1,'INR','2012-04-30 01:12:56','2012-04-30 01:12:56',NULL,NULL,NULL,'4',NULL,NULL,3,NULL),(69,71,'8\" X 6.4 - 10 CROSS WELD & WINDO','noida','noida','',25000.00,200.00,NULL,NULL,60,'START',2,1,'INR','2012-04-30 01:12:56','2012-04-30 01:12:56',NULL,NULL,NULL,'5',NULL,NULL,3,NULL),(70,71,'8\" X 6.4 - 10 CROSS WELD & WINDO','noida','noida','',25000.00,200.00,NULL,NULL,60,'START',2,1,'INR','2012-04-30 01:12:56','2012-04-30 01:12:56',NULL,NULL,NULL,'6',NULL,NULL,3,NULL),(71,71,'8\" X 6.4 - 10 CROSS WELD & WINDO','noida','noida','',24000.00,200.00,NULL,NULL,60,'START',2,1,'INR','2012-04-30 01:12:56','2012-04-30 01:12:56',NULL,NULL,NULL,'7',NULL,NULL,3,NULL),(72,71,'8\" X 6.4 - 11 CROSS WELD & WINDO','noida','noida','',25000.00,200.00,NULL,NULL,60,'START',2,1,'INR','2012-04-30 01:12:56','2012-04-30 01:12:56',NULL,NULL,NULL,'8',NULL,NULL,3,NULL),(73,71,'9-5/8\" X 8 - 10 CROSS WELD & WIN','noida','noida','',24000.00,200.00,NULL,NULL,60,'START',2,1,'INR','2012-04-30 01:12:56','2012-04-30 01:12:56',NULL,NULL,NULL,'9',NULL,NULL,3,NULL),(74,71,'10\" X 6.4 - 10 CROSS WELD & WIND','noida','noida','',23000.00,200.00,NULL,NULL,60,'START',2,1,'INR','2012-04-30 01:12:56','2012-04-30 01:12:56',NULL,NULL,NULL,'10',NULL,NULL,3,NULL),(75,71,'12\" X 6.4 - 10 CROSS WELD & WIND','noida','noida','',23000.00,200.00,NULL,NULL,60,'START',2,1,'INR','2012-04-30 01:12:56','2012-04-30 01:12:56',NULL,NULL,NULL,'11',NULL,NULL,3,NULL),(76,71,'16\" X 4.6 - 6.35 CROSS WELD & WI','noida','noida','',24000.00,200.00,NULL,NULL,60,'START',2,1,'INR','2012-04-30 01:12:56','2012-04-30 01:12:56',NULL,NULL,NULL,'12',NULL,NULL,3,NULL),(77,71,'16\" X 6.4 - 12.7 CROSS WELD & WI','noida','noida','18',24000.00,200.00,NULL,NULL,60,'START',2,1,'INR','2012-04-30 01:12:56','2012-04-30 01:12:56',NULL,NULL,NULL,'13',NULL,NULL,3,NULL),(78,71,'16\" X 6.4 - 12.7 CROSS WELD & WI','noida','noida','CG',24000.00,200.00,NULL,NULL,60,'START',2,1,'INR','2012-04-30 01:12:56','2012-04-30 01:12:56',NULL,NULL,NULL,'14',NULL,NULL,3,NULL),(79,71,'18\" X 6.4 - 10 CROSS WELD & WIND','noida','noida','CG',25000.00,200.00,NULL,NULL,60,'START',2,1,'INR','2012-04-30 01:12:56','2012-04-30 01:12:56',NULL,NULL,NULL,'15',NULL,NULL,3,NULL),(80,71,'18\" X 6.4 - 11 CROSS WELD & WIND','noida','noida','CG',24000.00,200.00,NULL,NULL,60,'START',2,1,'INR','2012-04-30 01:12:56','2012-04-30 01:12:56',NULL,NULL,NULL,'16',NULL,NULL,3,NULL),(81,71,'18\" X 4.6 - 6.35 CROSS WELD & WI','noida','noida','CG',25000.00,200.00,NULL,NULL,60,'START',2,1,'INR','2012-04-30 01:12:56','2012-04-30 01:12:56',NULL,NULL,NULL,'17',NULL,NULL,3,NULL),(82,71,'20\" X 6.4 - 10 CROSS WELD & WIND','noida','noida','CG',25000.00,200.00,NULL,NULL,60,'START',2,1,'INR','2012-04-30 01:12:56','2012-04-30 01:12:56',NULL,NULL,NULL,'18',NULL,NULL,3,NULL),(83,71,'20\" X 4.6 - 12.7 CROSS WELD & WI','noida','noida','CG',24000.00,200.00,NULL,NULL,60,'START',2,1,'INR','2012-04-30 01:12:56','2012-04-30 01:12:56',NULL,NULL,NULL,'19',NULL,NULL,3,NULL),(84,71,'20\" X 4.6 - 6.35 CROSS WELD & WI','noida','noida','CG',25000.00,200.00,NULL,NULL,60,'START',2,1,'INR','2012-04-30 01:12:56','2012-04-30 01:12:56',NULL,NULL,NULL,'20',NULL,NULL,3,NULL),(85,71,'20\" X 6.4 - 12.7 CROSS WELD & WI','noida','noida','CG',25000.00,200.00,NULL,NULL,60,'START',2,1,'INR','2012-04-30 01:12:56','2012-04-30 01:12:56',NULL,NULL,NULL,'21',NULL,NULL,3,NULL),(86,72,'8\" TO 20\" X MIX ALL CATEGORY','noida','noida','',22000.00,200.00,'2012-04-30 01:26:55','2012-04-30 01:28:55',60,'END',2,1,'INR','2012-04-30 01:26:55','2012-04-30 01:22:35',NULL,NULL,NULL,'1',22000,NULL,3,NULL),(87,72,'8\" TO 20\" X MIX ALL CATEGORY','noida','noida','',22000.00,200.00,'2012-04-30 01:28:55','2012-04-30 01:30:55',60,'END',2,1,'INR','2012-04-30 01:28:55','2012-04-30 01:22:35',NULL,NULL,NULL,'2A',22000,NULL,3,NULL),(88,72,'8\" TO 20\" X MIX ALL CATEGORY','noida','noida','',22000.00,200.00,'2012-04-30 01:30:55','2012-04-30 01:32:55',60,'END',2,1,'INR','2012-04-30 01:30:55','2012-04-30 01:22:35',NULL,NULL,NULL,'3B',22000,NULL,3,NULL),(89,72,'8\" X 6.4 - 10 CROSS WELD & WINDO','noida','noida','',25000.00,200.00,'2012-04-30 01:32:55','2012-04-30 01:34:55',60,'END',2,1,'INR','2012-04-30 01:32:55','2012-04-30 01:22:35',NULL,NULL,NULL,'4',25000,NULL,3,NULL),(90,72,'8\" X 6.4 - 10 CROSS WELD & WINDO','noida','noida','',25000.00,200.00,'2012-04-30 01:34:55','2012-04-30 01:36:55',60,'END',2,1,'INR','2012-04-30 01:34:55','2012-04-30 01:22:35',NULL,NULL,NULL,'5',25000,NULL,3,NULL),(91,72,'8\" X 6.4 - 10 CROSS WELD & WINDO','noida','noida','',25000.00,200.00,'2012-04-30 01:36:55','2012-04-30 01:38:55',60,'END',2,1,'INR','2012-04-30 01:36:55','2012-04-30 01:22:35',NULL,NULL,NULL,'6',25000,NULL,3,NULL),(92,72,'8\" X 6.4 - 10 CROSS WELD & WINDO','noida','noida','',24000.00,200.00,'2012-04-30 01:38:55','2012-04-30 01:40:55',60,'END',2,1,'INR','2012-04-30 01:38:55','2012-04-30 01:22:35',NULL,NULL,NULL,'7',24000,NULL,3,NULL),(93,72,'8\" X 6.4 - 11 CROSS WELD & WINDO','noida','noida','',25000.00,200.00,'2012-04-30 01:40:55','2012-04-30 01:42:55',60,'END',2,1,'INR','2012-04-30 01:40:55','2012-04-30 01:22:35',NULL,NULL,NULL,'8',25000,NULL,3,NULL),(94,72,'9-5/8\" X 8 - 10 CROSS WELD & WIN','noida','noida','',24000.00,200.00,'2012-04-30 01:42:55','2012-04-30 01:44:55',60,'END',2,1,'INR','2012-04-30 01:42:55','2012-04-30 01:22:35',NULL,NULL,NULL,'9',24000,NULL,3,NULL),(95,72,'10\" X 6.4 - 10 CROSS WELD & WIND','noida','noida','',23000.00,200.00,'2012-04-30 01:44:55','2012-04-30 01:46:55',60,'END',2,1,'INR','2012-04-30 01:44:55','2012-04-30 01:22:35',NULL,NULL,NULL,'10',23000,NULL,3,NULL),(96,72,'12\" X 6.4 - 10 CROSS WELD & WIND','noida','noida','',23000.00,200.00,'2012-04-30 01:46:55','2012-04-30 01:48:55',60,'END',2,1,'INR','2012-04-30
 01:46:55','2012-04-30 01:22:35',NULL,NULL,NULL,'11',23000,NULL,3,NULL),(97,72,'16\" X 4.6 - 6.35 CROSS WELD & WI','noida','noida','',24000.00,200.00,'2012-04-30 01:48:55','2012-04-30 01:50:55',60,'END',2,1,'INR','2012-04-30 01:48:55','2012-04-30 01:22:35',NULL,NULL,NULL,'12',24000,NULL,3,NULL),(98,72,'16\" X 6.4 - 12.7 CROSS WELD & WI','noida','noida','18',24000.00,200.00,'2012-04-30 01:50:55','2012-04-30 01:52:55',60,'END',2,1,'INR','2012-04-30 01:50:55','2012-04-30 01:22:35',NULL,NULL,NULL,'13',24000,NULL,3,NULL),(99,72,'16\" X 6.4 - 12.7 CROSS WELD & WI','noida','noida','CG',24000.00,200.00,'2012-04-30 01:52:55','2012-04-30 01:54:55',60,'END',2,1,'INR','2012-04-30 01:52:55','2012-04-30 01:22:35',NULL,NULL,NULL,'14',24000,NULL,3,NULL),(100,72,'18\" X 6.4 - 10 CROSS WELD & WIND','noida','noida','CG',25000.00,200.00,'2012-04-30 01:54:55','2012-04-30 01:56:55',60,'END',2,1,'INR','2012-04-30 01:54:55','2012-04-30 01:22:35',NULL,NULL,NULL,'15',25000,NULL,3,NULL),(101,72,'18\" X 6.4 - 11 CROSS WELD & WIND','noida','noida','CG',24000.00,200.00,'2012-04-30 01:56:55','2012-04-30 01:58:55',60,'END',2,1,'INR','2012-04-30 01:56:55','2012-04-30 01:22:35',NULL,NULL,NULL,'16',24000,NULL,3,NULL),(102,72,'18\" X 4.6 - 6.35 CROSS WELD & WI','noida','noida','CG',25000.00,200.00,'2012-04-30 01:58:55','2012-04-30 02:00:55',60,'END',2,1,'INR','2012-04-30 01:58:55','2012-04-30 01:22:35',NULL,NULL,NULL,'17',25000,NULL,3,NULL),(103,72,'20\" X 6.4 - 10 CROSS WELD & WIND','noida','noida','CG',25000.00,200.00,'2012-04-30 02:00:55','2012-04-30 02:02:55',60,'END',2,1,'INR','2012-04-30 02:00:55','2012-04-30 01:22:35',NULL,NULL,NULL,'18',25000,NULL,3,NULL),(104,72,'20\" X 4.6 - 12.7 CROSS WELD & WI','noida','noida','CG',24000.00,200.00,'2012-04-30 02:02:55','2012-04-30 02:04:55',60,'END',2,1,'INR','2012-04-30 02:02:55','2012-04-30 01:22:35',NULL,NULL,NULL,'19',24000,NULL,3,NULL),(105,72,'20\" X 4.6 - 6.35 CROSS WELD & WI','noida','noida','CG',25000.00,200.00,'2012-04-30 02:04:55','2012-04-30 02:06:55',60,'END',2,1,'INR','2012-04-30 02:04:55','2012-04-30 01:22:35',NULL,NULL,NULL,'20',25000,NULL,3,NULL),(106,72,'20\" X 6.4 - 12.7 CROSS WELD & WI','noida','noida','CG',25000.00,200.00,'2012-04-30 02:06:55','2012-04-30 02:08:56',60,'END',2,1,'INR','2012-04-30 02:06:55','2012-04-30 01:22:35',NULL,NULL,NULL,'21',25000,NULL,3,NULL),(107,73,'8\" TO 20\" X MIX ALL CATEGORY','noida','noida','',22000.00,200.00,'2012-05-13 23:29:01','2012-05-13 23:31:01',60,'END',2,1,'INR','2012-05-13 23:29:01','2012-05-13 23:23:55',NULL,NULL,NULL,'1',22000,NULL,3,NULL),(108,73,'8\" TO 20\" X MIX ALL CATEGORY','noida','noida','',22000.00,200.00,'2012-05-13 23:31:01','2012-05-13 23:34:02',60,'END',2,1,'INR','2012-05-13 23:32:25','2012-05-13 23:23:55',NULL,NULL,NULL,'2A',22400,NULL,3,NULL),(109,73,'8\" TO 20\" X MIX ALL CATEGORY','noida','noida','',22000.00,200.00,NULL,NULL,60,'START',2,1,'INR','2012-05-13 23:23:55','2012-05-13 23:23:55',NULL,NULL,NULL,'3B',22000,NULL,3,NULL),(110,73,'8\" X 6.4 - 10 CROSS WELD & WINDO','noida','noida','',25000.00,200.00,NULL,NULL,60,'START',2,1,'INR','2012-05-13 23:23:55','2012-05-13 23:23:55',NULL,NULL,NULL,'4',NULL,NULL,3,NULL),(111,73,'8\" X 6.4 - 10 CROSS WELD & WINDO','noida','noida','',25000.00,200.00,NULL,NULL,60,'START',2,1,'INR','2012-05-13 23:23:55','2012-05-13 23:23:55',NULL,NULL,NULL,'5',NULL,NULL,3,NULL),(112,73,'8\" X 6.4 - 10 CROSS WELD & WINDO','noida','noida','',25000.00,200.00,NULL,NULL,60,'START',2,1,'INR','2012-05-13 23:23:55','2012-05-13 23:23:55',NULL,NULL,NULL,'6',NULL,NULL,3,NULL),(113,73,'8\" X 6.4 - 10 CROSS WELD & WINDO','noida','noida','',24000.00,200.00,NULL,NULL,60,'START',2,1,'INR','2012-05-13 23:23:55','2012-05-13 23:23:55',NULL,NULL,NULL,'7',NULL,NULL,3,NULL),(114,73,'8\" X 6.4 - 11 CROSS WELD & WINDO','noida','noida','',25000.00,200.00,NULL,NULL,60,'START',2,1,'INR','2012-05-13 23:23:55','2012-05-13 23:23:55',NULL,NULL,NULL,'8',NULL,NULL,3,NULL),(115,73,'9-5/8\" X 8 - 10 CROSS WELD & WIN','noida','noida','',24000.00,200.00,NULL,NULL,60,'START',2,1,'INR','2012-05-13 23:23:55','2012-05-13 23:23:55',NULL,NULL,NULL,'9',NULL,NULL,3,NULL),(116,73,'10\" X 6.4 - 10 CROSS WELD & WIND','noida','noida','',23000.00,200.00,NULL,NULL,60,'START',2,1,'INR','2012-05-13 23:23:55','2012-05-13 23:23:55',NULL,NULL,NULL,'10',NULL,NULL,3,NULL),(117,73,'12\" X 6.4 - 10 CROSS WELD & WIND','noida','noida','',23000.00,200.00,NULL,NULL,60,'START',2,1,'INR','2012-05-13 23:23:55','2012-05-13 23:23:55',NULL,NULL,NULL,'11',NULL,NULL,3,NULL),(118,73,'16\" X 4.6 - 6.35 CROSS WELD & WI','noida','noida','',24000.00,200.00,NULL,NULL,60,'START',2,1,'INR','2012-05-13 23:23:55','2012-05-13 23:23:55',NULL,NULL,NULL,'12',NULL,NULL,3,NULL),(119,73,'16\" X 6.4 - 12.7 CROSS WELD & WI','noida','noida','18',24000.00,200.00,NULL,NULL,60,'START',2,1,'INR','2012-05-13 23:23:55','2012-05-13 23:23:55',NULL,NULL,NULL,'13',NULL,NULL,3,NULL),(120,73,'16\" X 6.4 - 12.7 CROSS WELD & WI','noida','noida','CG',24000.00,200.00,NULL,NULL,60,'START',2,1,'INR','2012-05-13 23:23:55','2012-05-13 23:23:55',NULL,NULL,NULL,'14',NULL,NULL,3,NULL),(121,73,'18\" X 6.4 - 10 CROSS WELD & WIND','noida','noida','CG',25000.00,200.00,NULL,NULL,60,'START',2,1,'INR','2012-05-13 23:23:55','2012-05-13 23:23:55',NULL,NULL,NULL,'15',NULL,NULL,3,NULL),(122,73,'18\" X 6.4 - 11 CROSS WELD & WIND','noida','noida','CG',24000.00,200.00,NULL,NULL,60,'START',2,1,'INR','2012-05-13 23:23:55','2012-05-13 23:23:55',NULL,NULL,NULL,'16',NULL,NULL,3,NULL),(123,73,'18\" X 4.6 - 6.35 CROSS WELD & WI','noida','noida','CG',25000.00,200.00,NULL,NULL,60,'START',2,1,'INR','2012-05-13 23:23:55','2012-05-13 23:23:55',NULL,NULL,NULL,'17',NULL,NULL,3,NULL),(124,73,'20\" X 6.4 - 10 CROSS WELD & WIND','noida','noida','CG',25000.00,200.00,NULL,NULL,60,'START',2,1,'INR','2012-05-13 23:23:55','2012-05-13 23:23:55',NULL,NULL,NULL,'18',NULL,NULL,3,NULL),(125,73,'20\" X 4.6 - 12.7 CROSS WELD & WI','noida','noida','CG',24000.00,200.00,NULL,NULL,60,'START',2,1,'INR','2012-05-13 23:23:55','2012-05-13 23:23:55',NULL,NULL,NULL,'19',NULL,NULL,3,NULL),(126,73,'20\" X 4.6 - 6.35 CROSS WELD & WI','noida','noida','CG',25000.00,200.00,NULL,NULL,60,'START',2,1,'INR','2012-05-13 23:23:55','2012-05-13 23:23:55',NULL,NULL,NULL,'20',NULL,NULL,3,NULL),(127,73,'20\" X 6.4 - 12.7 CROSS WELD & WI','noida','noida','CG',25000.00,200.00,NULL,NULL,60,'START',2,1,'INR','2012-05-13 23:23:55','2012-05-13 23:23:55',NULL,NULL,NULL,'21',NULL,NULL,3,NULL),(128,74,'8\" TO 20\" X MIX ALL CATEGORY','noida','noida','',22000.00,200.00,'2012-05-13 23:50:34','2012-05-13 23:52:34',60,'END',2,1,'INR','2012-05-13 23:50:34','2012-05-13 23:44:21',1,'bidder1','bidder1','1',22200,'H1',3,NULL),(129,74,'8\" TO 20\" X MIX ALL CATEGORY','noida','noida','',22000.00,200.00,'2012-05-13 23:52:34','2012-05-13 23:54:34',60,'END',2,1,'INR','2012-05-13 23:52:34','2012-05-13 23:44:21',NULL,NULL,NULL,'2A',22000,NULL,3,NULL),(130,74,'8\" TO 20\" X MIX ALL CATEGORY','noida','noida','',22000.00,200.00,'2012-05-13 23:54:34','2012-05-13 23:56:35',60,'END',2,1,'INR','2012-05-13 23:54:34','2012-05-13 23:44:21',NULL,NULL,NULL,'3B',22000,NULL,3,NULL),(131,74,'8\" X 6.4 - 10 CROSS WELD & WINDO','noida','noida','',25000.00,200.00,NULL,NULL,60,'START',2,1,'INR','2012-05-13 23:44:21','2012-05-13 23:44:21',NULL,NULL,NULL,'4',25000,NULL,3,NULL),(132,74,'8\" X 6.4 - 10 CROSS WELD & WINDO','noida','noida','',25000.00,200.00,NULL,NULL,60,'START',2,1,'INR','2012-05-13 23:44:21','2012-05-13 23:44:21',NULL,NULL,NULL,'5',NULL,NULL,3,NULL),(133,74,'8\" X 6.4 - 10 CROSS WELD & WINDO','noida','noida','',25000.00,200.00,NULL,NULL,60,'START',2,1,'INR','2012-05-13 23:44:21','2012-05-13 23:44:21',NULL,NULL,NULL,'6',NULL,NULL,3,NULL),(134,74,'8\" X 6.4 - 10 CROSS WELD & WINDO','noida','noida','',24000.00,200.00,NULL,NULL,60,'START',2,1,'INR','2012-05-13 23:44:21','2012-05-13 23:44:21',NULL,NULL,NULL,'7',NULL,NULL,3,NULL),(135,74,'8\" X 6.4 - 11 CROSS WELD & WINDO','noida','noida','',25000.00,200.00,NULL,NULL,60,'START',2,1,'INR','2012-05-13 23:44:21','2012-05-13 23:44:21',NULL,NULL,NULL,'8',NULL,NULL,3,NULL),(136,74,'9-5/8\" X 8 - 10 CROSS WELD & WIN','noida','noida','',24000.00,200.00,NULL,NULL,60,'START',2,1,'INR','2012-05-13 23:44:21','2012-05-13 23:44:21',NULL,NULL,NULL,'9',NULL,NULL,3,NULL),(137,74,'10\" X 6.4 - 10 CROSS WELD & WIND','noida','noida','',23000.00,200.00,NULL,NULL,60,'START',2,1,'INR','2012-05-13 23:44:21','2012-05-13 23:44:21',NULL,NULL,NULL,'10',NULL,NULL,3,NULL),(138,74,'12\" X 6.4 - 10 CROSS WELD & WIND','noida','noida','',23000.00,200.00,NULL,NULL,60,'START',2,1,'INR','2012-05-13 23:44:21','2012-05-13 23:44:21',NULL,NULL,NULL,'11',NULL,NULL,3,NULL),(139,74,'16\" X 4.6 - 6.35 CROSS WELD & WI','noida','noida','',24000.00,200.00,NULL,NULL,60,'START',2,1,'INR','2012-05-13 23:44:21','2012-05-13 23:44:21',NULL,NULL,NULL,'12',NULL,NULL,3,NULL),(140,74,'16\" X 6.4 - 12.7 CROSS WELD & WI','noida','noida','18',24000.00,200.00,NULL,NULL,60,'START',2,1,'INR','2012-05-13 23:44:21','2012-05-13 23:44:21',NULL,NULL,NULL,'13',NULL,NULL,3,NULL),(141,74,'16\" X 6.4 - 12.7 CROSS WELD & WI','noida','noida','CG',24000.00,200.00,NULL,NULL,60,'START',2,1,'INR','2012-05-13 23:44:21','2012-05-13 23:44:21',NULL,NULL,NULL,'14',NULL,NULL,3,NULL),(142,74,'18\" X 6.4 - 10 CROSS WELD & WIND','noida','noida','CG',25000.00,200.00,NULL,NULL,60,'START',2,1,'INR','2012-05-13 23:44:21','2012-05-13 23:44:21',NULL,NULL,NULL,'15',NULL,NULL,3,NULL),(143,74,'18\" X 6.4 - 11 CROSS WELD & WIND','noida','noida','CG',24000.00,200.00,NULL,NULL,60,'START',2,1,'INR','2012-05-13 23:44:21','2012-05-13 23:44:21',NULL,NULL,NULL,'16',NULL,NULL,3,NULL),(144,74,'18\" X 4.6 - 6.35 CROSS WELD & WI','noida','noida','CG',25000.00,200.00,NULL,NULL,60,'START',2,1,'INR','2012-05-13 23:44:21','2012-05-13 23:44:21',NULL,NULL,NULL,'17',NULL,NULL,3,NULL),(145,74,'20\" X 6.4 - 10 CROSS WELD & WIND','noida','noida','CG',25000.00,200.00,NULL,NULL,60,'START',2,1,'INR','2012-05-13
 23:44:21','2012-05-13 23:44:21',NULL,NULL,NULL,'18',NULL,NULL,3,NULL),(146,74,'20\" X 4.6 - 12.7 CROSS WELD & WI','noida','noida','CG',24000.00,200.00,NULL,NULL,60,'START',2,1,'INR','2012-05-13 23:44:21','2012-05-13 23:44:21',NULL,NULL,NULL,'19',NULL,NULL,3,NULL),(147,74,'20\" X 4.6 - 6.35 CROSS WELD & WI','noida','noida','CG',25000.00,200.00,NULL,NULL,60,'START',2,1,'INR','2012-05-13 23:44:21','2012-05-13 23:44:21',NULL,NULL,NULL,'20',NULL,NULL,3,NULL),(148,74,'20\" X 6.4 - 12.7 CROSS WELD & WI','noida','noida','CG',25000.00,200.00,NULL,NULL,60,'START',2,1,'INR','2012-05-13 23:44:21','2012-05-13 23:44:21',NULL,NULL,NULL,'21',NULL,NULL,3,NULL),(149,75,'8\" TO 20\" X MIX ALL CATEGORY','noida','noida','',22000.00,200.00,'2012-05-14 00:25:05','2012-05-14 00:27:05',60,'END',2,1,'INR','2012-05-14 00:25:05','2012-05-14 00:21:59',2,'bidder2',NULL,'1',22200,NULL,3,NULL),(150,75,'8\" TO 20\" X MIX ALL CATEGORY','noida','noida','',22000.00,200.00,'2012-05-14 00:27:05','2012-05-14 00:30:05',60,'END',2,1,'INR','2012-05-14 00:28:40','2012-05-14 00:21:59',NULL,NULL,NULL,'2A',22400,NULL,3,NULL),(151,75,'8\" TO 20\" X MIX ALL CATEGORY','noida','noida','',22000.00,200.00,'2012-05-14 00:30:05','2012-05-14 00:32:05',60,'END',2,1,'INR','2012-05-14 00:30:05','2012-05-14 00:21:59',NULL,NULL,NULL,'3B',22000,NULL,3,NULL),(152,75,'8\" X 6.4 - 10 CROSS WELD & WINDO','noida','noida','',25000.00,200.00,'2012-05-14 00:32:05','2012-05-14 00:34:05',60,'END',2,1,'INR','2012-05-14 00:32:05','2012-05-14 00:21:59',NULL,NULL,NULL,'4',25000,NULL,3,NULL),(153,75,'8\" X 6.4 - 10 CROSS WELD & WINDO','noida','noida','',25000.00,200.00,'2012-05-14 00:34:05','2012-05-14 00:36:06',60,'END',2,1,'INR','2012-05-14 00:34:05','2012-05-14 00:21:59',NULL,NULL,NULL,'5',25000,NULL,3,NULL),(154,75,'8\" X 6.4 - 10 CROSS WELD & WINDO','noida','noida','',25000.00,200.00,'2012-05-14 00:36:06','2012-05-14 00:38:06',60,'END',2,1,'INR','2012-05-14 00:36:06','2012-05-14 00:21:59',NULL,NULL,NULL,'6',25000,NULL,3,NULL),(155,75,'8\" X 6.4 - 10 CROSS WELD & WINDO','noida','noida','',24000.00,200.00,'2012-05-14 00:38:07','2012-05-14 00:40:07',60,'END',2,1,'INR','2012-05-14 00:38:07','2012-05-14 00:21:59',NULL,NULL,NULL,'7',24000,NULL,3,NULL),(156,75,'8\" X 6.4 - 11 CROSS WELD & WINDO','noida','noida','',25000.00,200.00,'2012-05-14 00:40:07','2012-05-14 00:42:08',60,'END',2,1,'INR','2012-05-14 00:40:07','2012-05-14 00:21:59',NULL,NULL,NULL,'8',25000,NULL,3,NULL),(157,75,'9-5/8\" X 8 - 10 CROSS WELD & WIN','noida','noida','',24000.00,200.00,'2012-05-14 00:42:08','2012-05-14 09:15:59',60,'END',2,1,'INR','2012-05-14 00:42:08','2012-05-14 00:21:59',NULL,NULL,NULL,'9',24000,NULL,3,NULL),(158,75,'10\" X 6.4 - 10 CROSS WELD & WIND','noida','noida','',23000.00,200.00,'2012-05-14 09:16:05','2012-05-14 09:18:05',60,'END',2,1,'INR','2012-05-14 09:16:05','2012-05-14 00:21:59',NULL,NULL,NULL,'10',23000,NULL,3,NULL),(159,75,'12\" X 6.4 - 10 CROSS WELD & WIND','noida','noida','',23000.00,200.00,'2012-05-14 09:18:05','2012-05-14 09:20:05',60,'END',2,1,'INR','2012-05-14 09:18:05','2012-05-14 00:21:59',NULL,NULL,NULL,'11',23000,NULL,3,NULL),(160,75,'16\" X 4.6 - 6.35 CROSS WELD & WI','noida','noida','',24000.00,200.00,'2012-05-14 09:20:06','2012-05-14 09:22:06',60,'END',2,1,'INR','2012-05-14 09:20:06','2012-05-14 00:21:59',NULL,NULL,NULL,'12',24000,NULL,3,NULL),(161,75,'16\" X 6.4 - 12.7 CROSS WELD & WI','noida','noida','18',24000.00,200.00,'2012-05-14 09:22:06','2012-05-14 09:24:06',60,'END',2,1,'INR','2012-05-14 09:22:06','2012-05-14 00:21:59',NULL,NULL,NULL,'13',24000,NULL,3,NULL),(162,75,'16\" X 6.4 - 12.7 CROSS WELD & WI','noida','noida','CG',24000.00,200.00,'2012-05-14 09:24:06','2012-05-14 09:26:06',60,'END',2,1,'INR','2012-05-14 09:24:06','2012-05-14 00:21:59',NULL,NULL,NULL,'14',24000,NULL,3,NULL),(163,75,'18\" X 6.4 - 10 CROSS WELD & WIND','noida','noida','CG',25000.00,200.00,'2012-05-14 09:26:06','2012-05-14 09:28:07',60,'END',2,1,'INR','2012-05-14 09:26:06','2012-05-14 00:21:59',NULL,NULL,NULL,'15',25000,NULL,3,NULL),(164,75,'18\" X 6.4 - 11 CROSS WELD & WIND','noida','noida','CG',24000.00,200.00,'2012-05-14 09:28:07','2012-05-14 09:30:07',60,'END',2,1,'INR','2012-05-14 09:28:07','2012-05-14 00:21:59',NULL,NULL,NULL,'16',24000,NULL,3,NULL),(165,75,'18\" X 4.6 - 6.35 CROSS WELD & WI','noida','noida','CG',25000.00,200.00,'2012-05-14 09:30:07','2012-05-14 09:32:07',60,'END',2,1,'INR','2012-05-14 09:30:07','2012-05-14 00:21:59',NULL,NULL,NULL,'17',25000,NULL,3,NULL),(166,75,'20\" X 6.4 - 10 CROSS WELD & WIND','noida','noida','CG',25000.00,200.00,'2012-05-14 09:32:07','2012-05-14 09:34:08',60,'END',2,1,'INR','2012-05-14 09:32:07','2012-05-14 00:21:59',NULL,NULL,NULL,'18',25000,NULL,3,NULL),(167,75,'20\" X 4.6 - 12.7 CROSS WELD & WI','noida','noida','CG',24000.00,200.00,'2012-05-14 09:34:08','2012-05-14 09:36:08',60,'END',2,1,'INR','2012-05-14 09:34:08','2012-05-14 00:21:59',NULL,NULL,NULL,'19',24000,NULL,3,NULL),(168,75,'20\" X 4.6 - 6.35 CROSS WELD & WI','noida','noida','CG',25000.00,200.00,'2012-05-14 09:36:08','2012-05-14 09:38:08',60,'END',2,1,'INR','2012-05-14 09:36:08','2012-05-14 00:21:59',NULL,NULL,NULL,'20',25000,NULL,3,NULL),(169,75,'20\" X 6.4 - 12.7 CROSS WELD & WI','noida','noida','CG',25000.00,200.00,'2012-05-14 09:38:08','2012-05-14 09:40:08',60,'END',2,1,'INR','2012-05-14 09:38:08','2012-05-14 00:21:59',NULL,NULL,NULL,'21',25000,NULL,3,NULL),(170,76,'8\" TO 20\" X MIX ALL CATEGORY','noida','noida','',22000.00,200.00,'2012-05-14 21:41:17','2012-05-14 21:43:17',60,'END',2,1,'INR','2012-05-14 21:42:01','2012-05-14 21:38:11',4,'bidder2',NULL,'1',30600,NULL,3,NULL),(171,76,'8\" TO 20\" X MIX ALL CATEGORY','noida','noida','',22000.00,200.00,NULL,NULL,60,'START',2,1,'INR','2012-05-14 21:38:11','2012-05-14 21:38:11',NULL,NULL,NULL,'2A',22000,NULL,3,NULL),(172,76,'8\" TO 20\" X MIX ALL CATEGORY','noida','noida','',22000.00,200.00,NULL,NULL,60,'START',2,1,'INR','2012-05-14 21:38:11','2012-05-14 21:38:11',NULL,NULL,NULL,'3B',NULL,NULL,3,NULL),(173,76,'8\" X 6.4 - 10 CROSS WELD & WINDO','noida','noida','',25000.00,200.00,NULL,NULL,60,'START',2,1,'INR','2012-05-14 21:38:11','2012-05-14 21:38:11',NULL,NULL,NULL,'4',NULL,NULL,3,NULL),(174,76,'8\" X 6.4 - 10 CROSS WELD & WINDO','noida','noida','',25000.00,200.00,NULL,NULL,60,'START',2,1,'INR','2012-05-14 21:38:11','2012-05-14 21:38:11',NULL,NULL,NULL,'5',NULL,NULL,3,NULL),(175,76,'8\" X 6.4 - 10 CROSS WELD & WINDO','noida','noida','',25000.00,200.00,NULL,NULL,60,'START',2,1,'INR','2012-05-14 21:38:11','2012-05-14 21:38:11',NULL,NULL,NULL,'6',NULL,NULL,3,NULL),(176,76,'8\" X 6.4 - 10 CROSS WELD & WINDO','noida','noida','',24000.00,200.00,NULL,NULL,60,'START',2,1,'INR','2012-05-14 21:38:11','2012-05-14 21:38:11',NULL,NULL,NULL,'7',NULL,NULL,3,NULL),(177,76,'8\" X 6.4 - 11 CROSS WELD & WINDO','noida','noida','',25000.00,200.00,NULL,NULL,60,'START',2,1,'INR','2012-05-14 21:38:11','2012-05-14 21:38:11',NULL,NULL,NULL,'8',NULL,NULL,3,NULL),(178,76,'9-5/8\" X 8 - 10 CROSS WELD & WIN','noida','noida','',24000.00,200.00,NULL,NULL,60,'START',2,1,'INR','2012-05-14 21:38:11','2012-05-14 21:38:11',NULL,NULL,NULL,'9',NULL,NULL,3,NULL),(179,76,'10\" X 6.4 - 10 CROSS WELD & WIND','noida','noida','',23000.00,200.00,NULL,NULL,60,'START',2,1,'INR','2012-05-14 21:38:11','2012-05-14 21:38:11',NULL,NULL,NULL,'10',NULL,NULL,3,NULL),(180,76,'12\" X 6.4 - 10 CROSS WELD & WIND','noida','noida','',23000.00,200.00,NULL,NULL,60,'START',2,1,'INR','2012-05-14 21:38:11','2012-05-14 21:38:11',NULL,NULL,NULL,'11',NULL,NULL,3,NULL),(181,76,'16\" X 4.6 - 6.35 CROSS WELD & WI','noida','noida','',24000.00,200.00,NULL,NULL,60,'START',2,1,'INR','2012-05-14 21:38:11','2012-05-14 21:38:11',NULL,NULL,NULL,'12',NULL,NULL,3,NULL),(182,76,'16\" X 6.4 - 12.7 CROSS WELD & WI','noida','noida','18',24000.00,200.00,NULL,NULL,60,'START',2,1,'INR','2012-05-14 21:38:11','2012-05-14 21:38:11',NULL,NULL,NULL,'13',NULL,NULL,3,NULL),(183,76,'16\" X 6.4 - 12.7 CROSS WELD & WI','noida','noida','CG',24000.00,200.00,NULL,NULL,60,'START',2,1,'INR','2012-05-14 21:38:11','2012-05-14 21:38:11',NULL,NULL,NULL,'14',NULL,NULL,3,NULL),(184,76,'18\" X 6.4 - 10 CROSS WELD & WIND','noida','noida','CG',25000.00,200.00,NULL,NULL,60,'START',2,1,'INR','2012-05-14 21:38:11','2012-05-14 21:38:11',NULL,NULL,NULL,'15',NULL,NULL,3,NULL),(185,76,'18\" X 6.4 - 11 CROSS WELD & WIND','noida','noida','CG',24000.00,200.00,NULL,NULL,60,'START',2,1,'INR','2012-05-14 21:38:11','2012-05-14 21:38:11',NULL,NULL,NULL,'16',NULL,NULL,3,NULL),(186,76,'18\" X 4.6 - 6.35 CROSS WELD & WI','noida','noida','CG',25000.00,200.00,NULL,NULL,60,'START',2,1,'INR','2012-05-14 21:38:11','2012-05-14 21:38:11',NULL,NULL,NULL,'17',NULL,NULL,3,NULL),(187,76,'20\" X 6.4 - 10 CROSS WELD & WIND','noida','noida','CG',25000.00,200.00,NULL,NULL,60,'START',2,1,'INR','2012-05-14 21:38:11','2012-05-14 21:38:11',NULL,NULL,NULL,'18',NULL,NULL,3,NULL),(188,76,'20\" X 4.6 - 12.7 CROSS WELD & WI','noida','noida','CG',24000.00,200.00,NULL,NULL,60,'START',2,1,'INR','2012-05-14 21:38:11','2012-05-14 21:38:11',NULL,NULL,NULL,'19',NULL,NULL,3,NULL),(189,76,'20\" X 4.6 - 6.35 CROSS WELD & WI','noida','noida','CG',25000.00,200.00,NULL,NULL,60,'START',2,1,'INR','2012-05-14 21:38:11','2012-05-14 21:38:11',NULL,NULL,NULL,'20',NULL,NULL,3,NULL),(190,76,'20\" X 6.4 - 12.7 CROSS WELD & WI','noida','noida','CG',25000.00,200.00,NULL,NULL,60,'START',2,1,'INR','2012-05-14 21:38:11','2012-05-14 21:38:11',NULL,NULL,NULL,'21',NULL,NULL,3,NULL),(191,77,'8\" TO 20\" X MIX ALL CATEGORY','noida','noida','',22000.00,200.00,'2015-07-30 11:41:04','2015-07-30 11:43:04',60,'END',2,1,'INR','2015-07-30 11:41:04','2015-07-29 18:28:34',NULL,NULL,NULL,'1',22000,NULL,3,NULL),(192,77,'8\" TO 20\" X MIX ALL CATEGORY','noida','noida','',22000.00,200.00,'2015-07-30 11:43:04','2015-07-30 11:45:04',60,'END',2,1,'INR','2015-07-30 11:43:04','2015-07-29 18:28:34',NULL,NULL,NULL,'2',22000,NULL,3,NULL),(193,77,'8\"
 TO 20\" X MIX ALL CATEGORY','noida','noida','',22000.00,200.00,'2015-07-30 11:45:04','2015-07-30 11:47:04',60,'END',2,1,'INR','2015-07-30 11:45:04','2015-07-29 18:28:34',NULL,NULL,NULL,'3',22000,NULL,3,NULL),(194,77,'8\" X 6.4 - 10 CROSS WELD & WINDO','noida','noida','',25000.00,200.00,'2015-07-30 11:47:05','2015-07-30 11:49:05',60,'END',2,1,'INR','2015-07-30 11:47:05','2015-07-29 18:28:34',NULL,NULL,NULL,'4',25000,NULL,3,NULL),(195,77,'8\" X 6.4 - 10 CROSS WELD & WINDO','noida','noida','',25000.00,200.00,'2015-07-30 11:49:05','2015-07-30 11:51:05',60,'END',2,1,'INR','2015-07-30 11:49:05','2015-07-29 18:28:34',NULL,NULL,NULL,'5',25000,NULL,3,NULL),(196,77,'8\" X 6.4 - 10 CROSS WELD & WINDO','noida','noida','',25000.00,200.00,'2015-07-30 11:51:05','2015-07-30 11:53:05',60,'END',2,1,'INR','2015-07-30 11:51:05','2015-07-29 18:28:34',NULL,NULL,NULL,'6',25000,NULL,3,NULL),(197,77,'8\" X 6.4 - 10 CROSS WELD & WINDO','noida','noida','',24000.00,200.00,'2015-07-30 11:53:05','2015-07-30 11:55:05',60,'END',2,1,'INR','2015-07-30 11:53:05','2015-07-29 18:28:34',NULL,NULL,NULL,'7',24000,NULL,3,NULL),(198,77,'8\" X 6.4 - 11 CROSS WELD & WINDO','noida','noida','',25000.00,200.00,'2015-07-30 11:55:05','2015-07-30 11:57:05',60,'END',2,1,'INR','2015-07-30 11:55:05','2015-07-29 18:28:34',NULL,NULL,NULL,'8',25000,NULL,3,NULL),(199,77,'9-5/8\" X 8 - 10 CROSS WELD & WIN','noida','noida','',24000.00,200.00,'2015-07-30 11:57:05','2015-07-30 11:59:05',60,'END',2,1,'INR','2015-07-30 11:57:05','2015-07-29 18:28:34',NULL,NULL,NULL,'9',24000,NULL,3,NULL),(200,77,'10\" X 6.4 - 10 CROSS WELD & WIND','noida','noida','',23000.00,200.00,'2015-07-30 11:59:05','2015-07-30 12:01:05',60,'END',2,1,'INR','2015-07-30 11:59:05','2015-07-29 18:28:34',NULL,NULL,NULL,'10',23000,NULL,3,NULL),(201,77,'12\" X 6.4 - 10 CROSS WELD & WIND','noida','noida','',23000.00,200.00,'2015-07-30 12:01:05','2015-07-30 12:03:05',60,'END',2,1,'INR','2015-07-30 12:01:05','2015-07-29 18:28:34',NULL,NULL,NULL,'11',23000,NULL,3,NULL),(202,77,'16\" X 4.6 - 6.35 CROSS WELD & WI','noida','noida','',24000.00,200.00,'2015-07-30 12:03:06','2015-07-30 12:05:06',60,'END',2,1,'INR','2015-07-30 12:03:06','2015-07-29 18:28:34',NULL,NULL,NULL,'12',24000,NULL,3,NULL),(203,77,'16\" X 6.4 - 12.7 CROSS WELD & WI','noida','noida','18',24000.00,200.00,'2015-07-30 12:05:06','2015-07-30 12:07:06',60,'END',2,1,'INR','2015-07-30 12:05:06','2015-07-29 18:28:34',NULL,NULL,NULL,'13',24000,NULL,3,NULL),(204,77,'16\" X 6.4 - 12.7 CROSS WELD & WI','noida','noida','CG',24000.00,200.00,'2015-07-30 12:07:06','2015-07-30 12:09:06',60,'END',2,1,'INR','2015-07-30 12:07:06','2015-07-29 18:28:34',NULL,NULL,NULL,'14',24000,NULL,3,NULL),(205,77,'18\" X 6.4 - 10 CROSS WELD & WIND','noida','noida','CG',25000.00,200.00,'2015-07-30 12:09:06','2015-07-30 12:11:06',60,'END',2,1,'INR','2015-07-30 12:09:06','2015-07-29 18:28:34',NULL,NULL,NULL,'15',25000,NULL,3,NULL),(206,77,'18\" X 6.4 - 11 CROSS WELD & WIND','noida','noida','CG',24000.00,200.00,'2015-07-30 12:11:06','2015-07-30 12:13:06',60,'END',2,1,'INR','2015-07-30 12:11:06','2015-07-29 18:28:34',NULL,NULL,NULL,'16',24000,NULL,3,NULL),(207,77,'18\" X 4.6 - 6.35 CROSS WELD & WI','noida','noida','CG',25000.00,200.00,'2015-07-30 12:13:06','2015-07-30 12:15:06',60,'END',2,1,'INR','2015-07-30 12:13:06','2015-07-29 18:28:34',NULL,NULL,NULL,'17',25000,NULL,3,NULL),(208,77,'20\" X 6.4 - 10 CROSS WELD & WIND','noida','noida','CG',25000.00,200.00,'2015-07-30 12:15:06','2015-07-30 12:17:06',60,'END',2,1,'INR','2015-07-30 12:15:06','2015-07-29 18:28:34',NULL,NULL,NULL,'18',25000,NULL,3,NULL),(209,77,'20\" X 4.6 - 12.7 CROSS WELD & WI','noida','noida','CG',24000.00,200.00,'2015-07-30 12:17:06','2015-07-30 12:19:06',60,'END',2,1,'INR','2015-07-30 12:17:06','2015-07-29 18:28:34',NULL,NULL,NULL,'19',24000,NULL,3,NULL),(210,77,'20\" X 4.6 - 6.35 CROSS WELD & WI','noida','noida','CG',25000.00,200.00,'2015-07-30 12:19:07','2015-07-30 12:21:07',60,'END',2,1,'INR','2015-07-30 12:19:07','2015-07-29 18:28:34',NULL,NULL,NULL,'20',25000,NULL,3,NULL),(211,77,'20\" X 6.4 - 12.7 CROSS WELD & WI','noida','noida','CG',25000.00,200.00,'2015-07-30 12:21:07','2015-07-30 12:23:07',60,'END',2,1,'INR','2015-07-30 12:21:07','2015-07-29 18:28:34',NULL,NULL,NULL,'21',25000,NULL,3,NULL);
/*!40000 ALTER TABLE `biditem` ENABLE KEYS */;
UNLOCK TABLES;

--
-- Table structure for table `biditem_bidder`
--

DROP TABLE IF EXISTS `biditem_bidder`;
/*!40101 SET @saved_cs_client     = @@character_set_client */;
/*!40101 SET character_set_client = utf8 */;
CREATE TABLE `biditem_bidder` (
  `id` bigint(20) NOT NULL AUTO_INCREMENT,
  `version` tinyint(3) DEFAULT NULL,
  `bidItemId` bigint(20) DEFAULT NULL,
  `userId` bigint(20) DEFAULT NULL,
  PRIMARY KEY (`id`),
  UNIQUE KEY `BIDITEMID` (`bidItemId`,`userId`)
) ENGINE=MyISAM AUTO_INCREMENT=23 DEFAULT CHARSET=latin1;
/*!40101 SET character_set_client = @saved_cs_client */;

--
-- Dumping data for table `biditem_bidder`
--

LOCK TABLES `biditem_bidder` WRITE;
/*!40000 ALTER TABLE `biditem_bidder` DISABLE KEYS */;
/*!40000 ALTER TABLE `biditem_bidder` ENABLE KEYS */;
UNLOCK TABLES;

--
-- Table structure for table `biditemextn`
--

DROP TABLE IF EXISTS `biditemextn`;
/*!40101 SET @saved_cs_client     = @@character_set_client */;
/*!40101 SET character_set_client = utf8 */;
CREATE TABLE `biditemextn` (
  `biditemextId` bigint(20) NOT NULL AUTO_INCREMENT,
  `auctionId` bigint(20) NOT NULL,
  `biditemId` bigint(20) NOT NULL,
  `productDescription` varchar(200) DEFAULT NULL,
  `image` longblob,
  `document` longblob,
  PRIMARY KEY (`biditemextId`),
  KEY `FK_biditemextn` (`biditemId`),
  KEY `FK_biditemextn_auction` (`auctionId`),
  CONSTRAINT `FK_biditemextn` FOREIGN KEY (`biditemId`) REFERENCES `biditem` (`bidItemId`),
  CONSTRAINT `FK_biditemextn_auction` FOREIGN KEY (`auctionId`) REFERENCES `auction` (`auctionId`)
) ENGINE=InnoDB DEFAULT CHARSET=latin1;
/*!40101 SET character_set_client = @saved_cs_client */;

--
-- Dumping data for table `biditemextn`
--

LOCK TABLES `biditemextn` WRITE;
/*!40000 ALTER TABLE `biditemextn` DISABLE KEYS */;
/*!40000 ALTER TABLE `biditemextn` ENABLE KEYS */;
UNLOCK TABLES;

--
-- Table structure for table `bids`
--

DROP TABLE IF EXISTS `bids`;
/*!40101 SET @saved_cs_client     = @@character_set_client */;
/*!40101 SET character_set_client = utf8 */;
CREATE TABLE `bids` (
  `bidId` bigint(20) NOT NULL AUTO_INCREMENT,
  `biditemId` bigint(20) NOT NULL,
  `auctionId` bigint(20) NOT NULL,
  `bidAmount` double(20,2) NOT NULL,
  `currency` varchar(20) NOT NULL,
  `bidTime` datetime NOT NULL,
  `bidStatus` varchar(20) NOT NULL,
  `comments` varchar(255) DEFAULT NULL,
  `bidtype` char(1) DEFAULT NULL,
  `biddername` varchar(100) NOT NULL,
  PRIMARY KEY (`bidId`),
  KEY `FK_bids` (`biditemId`),
  KEY `FK_bids_auction` (`auctionId`),
  CONSTRAINT `FK_bids` FOREIGN KEY (`biditemId`) REFERENCES `biditem` (`bidItemId`),
  CONSTRAINT `FK_bids_auction` FOREIGN KEY (`auctionId`) REFERENCES `auction` (`auctionId`)
) ENGINE=InnoDB AUTO_INCREMENT=19 DEFAULT CHARSET=latin1;
/*!40101 SET character_set_client = @saved_cs_client */;

--
-- Dumping data for table `bids`
--

LOCK TABLES `bids` WRITE;
/*!40000 ALTER TABLE `bids` DISABLE KEYS */;
INSERT INTO `bids` VALUES (1,24,69,22200.00,'INR','2012-03-20 03:29:59','SUCCESS','Next Bid','1','bidder1'),(2,25,69,22200.00,'INR','2012-03-20 03:33:35','SUCCESS','Next Bid','1','bidder1'),(3,25,69,22400.00,'INR','2012-03-20 03:33:50','SUCCESS','Next Bid','1','bidder1'),(4,25,69,22600.00,'INR','2012-03-20 03:36:27','SUCCESS','Next Bid','1','shriganesh'),(5,25,69,22800.00,'INR','2012-03-20 03:36:38','SUCCESS','Next Bid','1','bidder1'),(6,25,69,23000.00,'INR','2012-03-20 03:40:00','SUCCESS','Next Bid','1','bidder1'),(7,25,69,23200.00,'INR','2012-03-20 03:41:23','SUCCESS','Next Bid','1','shriganesh'),(8,25,69,23400.00,'INR','2012-03-20 03:42:23','SUCCESS','Next Bid','1','asiasteel'),(9,108,73,22200.00,'INR','2012-05-13 23:31:34','SUCCESS','Next Bid','1','bidder1'),(10,108,73,22200.00,'INR','2012-05-13 23:32:02','FAILED','','1','bidder1'),(11,108,73,22400.00,'INR','2012-05-13 23:32:25','SUCCESS','','1','bidder1'),(12,128,74,22200.00,'INR','2012-05-13 23:50:34','SUCCESS','Auto Bid First Winner','2','bidder1'),(13,149,75,22200.00,'INR','2012-05-14 00:25:05','SUCCESS','Auto Bid First Winner','2','bidder2'),(14,150,75,22200.00,'INR','2012-05-14 00:28:19','SUCCESS','Next Bid','1','bidder1'),(15,150,75,22400.00,'INR','2012-05-14 00:28:40','SUCCESS','Next Bid','1','bidder2'),(16,170,76,30200.00,'INR','2012-05-14 21:41:17','SUCCESS','Auto Bid First Winner','2','bidder2'),(17,170,76,30600.00,'INR','2012-05-14 21:42:01','SUCCESS',NULL,'2','bidder2'),(18,170,76,30400.00,'INR','2012-05-14 21:42:01','FAILED','Next Bid','1','bidder1');
/*!40000 ALTER TABLE `bids` ENABLE KEYS */;
UNLOCK TABLES;

--
-- Table structure for table `bidsequence`
--

DROP TABLE IF EXISTS `bidsequence`;
/*!40101 SET @saved_cs_client     = @@character_set_client */;
/*!40101 SET character_set_client = utf8 */;
CREATE TABLE `bidsequence` (
  `sequenceId` int(11) NOT NULL DEFAULT '0',
  `auctionId` bigint(20) NOT NULL,
  `bidItemId` bigint(20) NOT NULL,
  `bidSpan` smallint(6) NOT NULL,
  KEY `FK_bidsequence` (`auctionId`),
  KEY `FK_bidsequence_biditem` (`bidItemId`),
  CONSTRAINT `FK_bidsequence` FOREIGN KEY (`auctionId`) REFERENCES `auction` (`auctionId`),
  CONSTRAINT `FK_bidsequence_biditem` FOREIGN KEY (`bidItemId`) REFERENCES `biditem` (`bidItemId`)
) ENGINE=InnoDB DEFAULT CHARSET=latin1;
/*!40101 SET character_set_client = @saved_cs_client */;

--
-- Dumping data for table `bidsequence`
--

LOCK TABLES `bidsequence` WRITE;
/*!40000 ALTER TABLE `bidsequence` DISABLE KEYS */;
INSERT INTO `bidsequence` VALUES (1,68,2,120),(2,68,3,120),(3,68,4,120),(4,68,5,120),(5,68,6,120),(6,68,7,120),(7,68,8,120),(8,68,9,120),(9,68,10,120),(10,68,11,120),(11,68,12,120),(12,68,13,120),(13,68,14,120),(14,68,15,120),(15,68,16,120),(16,68,17,120),(17,68,18,120),(18,68,19,120),(19,68,20,120),(20,68,21,120),(21,68,22,120),(1,69,23,120),(2,69,24,120),(3,69,25,120),(4,69,26,120),(5,69,27,120),(6,69,28,120),(7,69,29,120),(8,69,30,120),(9,69,31,120),(10,69,32,120),(11,69,33,120),(12,69,34,120),(13,69,35,120),(14,69,36,120),(15,69,37,120),(16,69,38,120),(17,69,39,120),(18,69,40,120),(19,69,41,120),(20,69,42,120),(21,69,43,120),(1,70,44,120),(2,70,45,120),(3,70,46,120),(4,70,47,120),(5,70,48,120),(6,70,49,120),(7,70,50,120),(8,70,51,120),(9,70,52,120),(10,70,53,120),(11,70,54,120),(12,70,55,120),(13,70,56,120),(14,70,57,120),(15,70,58,120),(16,70,59,120),(17,70,60,120),(18,70,61,120),(19,70,62,120),(20,70,63,120),(21,70,64,120),(1,71,65,120),(2,71,66,120),(3,71,67,120),(4,71,68,120),(5,71,69,120),(6,71,70,120),(7,71,71,120),(8,71,72,120),(9,71,73,120),(10,71,74,120),(11,71,75,120),(12,71,76,120),(13,71,77,120),(14,71,78,120),(15,71,79,120),(16,71,80,120),(17,71,81,120),(18,71,82,120),(19,71,83,120),(20,71,84,120),(21,71,85,120),(1,72,86,120),(2,72,87,120),(3,72,88,120),(4,72,89,120),(5,72,90,120),(6,72,91,120),(7,72,92,120),(8,72,93,120),(9,72,94,120),(10,72,95,120),(11,72,96,120),(12,72,97,120),(13,72,98,120),(14,72,99,120),(15,72,100,120),(16,72,101,120),(17,72,102,120),(18,72,103,120),(19,72,104,120),(20,72,105,120),(21,72,106,120),(1,73,107,120),(2,73,108,120),(3,73,109,120),(4,73,110,120),(5,73,111,120),(6,73,112,120),(7,73,113,120),(8,73,114,120),(9,73,115,120),(10,73,116,120),(11,73,117,120),(12,73,118,120),(13,73,119,120),(14,73,120,120),(15,73,121,120),(16,73,122,120),(17,73,123,120),(18,73,124,120),(19,73,125,120),(20,73,126,120),(21,73,127,120),(1,74,128,120),(2,74,129,120),(3,74,130,120),(4,74,131,120),(5,74,132,120),(6,74,133,120),(7,74,134,120),(8,74,135,120),(9,74,136,120),(10,74,137,120),(11,74,138,120),(12,74,139,120),(13,74,140,120),(14,74,141,120),(15,74,142,120),(16,74,143,120),(17,74,144,120),(18,74,145,120),(19,74,146,120),(20,74,147,120),(21,74,148,120),(1,75,149,120),(2,75,150,120),(3,75,151,120),(4,75,152,120),(5,75,153,120),(6,75,154,120),(7,75,155,120),(8,75,156,120),(9,75,157,120),(10,75,158,120),(11,75,159,120),(12,75,160,120),(13,75,161,120),(14,75,162,120),(15,75,163,120),(16,75,164,120),(17,75,165,120),(18,75,166,120),(19,75,167,120),(20,75,168,120),(21,75,169,120),(1,76,170,120),(2,76,171,120),(3,76,172,120),(4,76,173,120),(5,76,174,120),(6,76,175,120),(7,76,176,120),(8,76,177,120),(9,76,178,120),(10,76,179,120),(11,76,180,120),(12,76,181,120),(13,76,182,120),(14,76,183,120),(15,76,184,120),(16,76,185,120),(17,76,186,120),(18,76,187,120),(19,76,188,120),(20,76,189,120),(21,76,190,120),(1,78,191,120),(2,78,192,120),(3,78,193,120),(4,78,194,120),(5,78,195,120),(6,78,196,120),(7,78,197,120),(8,78,198,120),(9,78,199,120),(10,78,200,120),(11,78,201,120),(12,78,202,120),(13,78,203,120),(14,78,204,120),(15,78,205,120),(16,78,206,120),(17,78,207,120),(18,78,208,120),(19,78,209,120),(20,78,210,120),(21,78,211,120);
/*!40000 ALTER TABLE `bidsequence` ENABLE KEYS */;
UNLOCK TABLES;

--
-- Table structure for table `category`
--

DROP TABLE IF EXISTS `category`;
/*!40101 SET @saved_cs_client     = @@character_set_client */;
/*!40101 SET character_set_client = utf8 */;
CREATE TABLE `category` (
  `categoryId` bigint(20) NOT NULL AUTO_INCREMENT,
  `categoryname` varchar(100) NOT NULL,
  PRIMARY KEY (`categoryId`)
) ENGINE=InnoDB AUTO_INCREMENT=6 DEFAULT CHARSET=latin1;
/*!40101 SET character_set_client = @saved_cs_client */;

--
-- Dumping data for table `category`
--

LOCK TABLES `category` WRITE;
/*!40000 ALTER TABLE `category` DISABLE KEYS */;
INSERT INTO `category` VALUES (1,'Pipe End Cutting'),(2,'ERW'),(3,'Others'),(4,'Commercial'),(5,'Melting');
/*!40000 ALTER TABLE `category` ENABLE KEYS */;
UNLOCK TABLES;

--
-- Table structure for table `closedbids`
--

DROP TABLE IF EXISTS `closedbids`;
/*!40101 SET @saved_cs_client     = @@character_set_client */;
/*!40101 SET character_set_client = utf8 */;
CREATE TABLE `closedbids` (
  `CLOSEDBIDID` bigint(20) NOT NULL AUTO_INCREMENT,
  `BIDITEMID` bigint(20) unsigned NOT NULL,
  `AUCTIONID` bigint(20) unsigned DEFAULT NULL,
  `BIDAMOUNT` double(10,2) NOT NULL,
  `BIDSTATUS` varchar(10) DEFAULT 'R',
  `BIDDERNAME` varchar(100) DEFAULT NULL,
  `COMMENT` varchar(255) DEFAULT NULL,
  `OBSERVERNAME` varchar(100) DEFAULT NULL,
  `BIDUPLOADDATE` datetime DEFAULT NULL,
  PRIMARY KEY (`CLOSEDBIDID`),
  UNIQUE KEY `IX_CLOSEDBIDID` (`CLOSEDBIDID`),
  KEY `FK_closedbids_1` (`BIDITEMID`),
  KEY `FK_closedbids_2` (`AUCTIONID`),
  KEY `FK_closedbids_3` (`BIDDERNAME`),
  KEY `FK_closedbids_4` (`OBSERVERNAME`)
) ENGINE=MyISAM AUTO_INCREMENT=102 DEFAULT CHARSET=latin1;
/*!40101 SET character_set_client = @saved_cs_client */;

--
-- Dumping data for table `closedbids`
--

LOCK TABLES `closedbids` WRITE;
/*!40000 ALTER TABLE `closedbids` DISABLE KEYS */;
INSERT INTO `closedbids` VALUES (101,128,78,22200.00,'H1','bidder',NULL,'observer',NULL);
/*!40000 ALTER TABLE `closedbids` ENABLE KEYS */;
UNLOCK TABLES;

--
-- Table structure for table `contactdetails`
--

DROP TABLE IF EXISTS `contactdetails`;
/*!40101 SET @saved_cs_client     = @@character_set_client */;
/*!40101 SET character_set_client = utf8 */;
CREATE TABLE `contactdetails` (
  `contactId` bigint(20) NOT NULL AUTO_INCREMENT,
  `phone` varchar(15) DEFAULT NULL,
  `fax` varchar(15) DEFAULT NULL,
  `mobile` varchar(15) DEFAULT NULL,
  `email` varchar(50) DEFAULT NULL,
  PRIMARY KEY (`contactId`)
) ENGINE=InnoDB DEFAULT CHARSET=latin1;
/*!40101 SET character_set_client = @saved_cs_client */;

--
-- Dumping data for table `contactdetails`
--

LOCK TABLES `contactdetails` WRITE;
/*!40000 ALTER TABLE `contactdetails` DISABLE KEYS */;
/*!40000 ALTER TABLE `contactdetails` ENABLE KEYS */;
UNLOCK TABLES;

--
-- Table structure for table `itemlot`
--

DROP TABLE IF EXISTS `itemlot`;
/*!40101 SET @saved_cs_client     = @@character_set_client */;
/*!40101 SET character_set_client = utf8 */;
CREATE TABLE `itemlot` (
  `lotId` bigint(20) NOT NULL AUTO_INCREMENT,
  `bidItemId` bigint(20) NOT NULL,
  `name` varchar(255) DEFAULT NULL,
  `lengthRange` varchar(100) DEFAULT NULL,
  `actualLength` varchar(100) DEFAULT NULL,
  `quantity` mediumint(8) DEFAULT NULL,
  `unit` varchar(50) DEFAULT NULL,
  `currency` varchar(20) DEFAULT NULL,
  `remark` varchar(233) DEFAULT NULL,
  `zone` varchar(50) DEFAULT NULL,
  `LOTNO` varchar(20) NOT NULL,
  `actualLengh` varchar(45) DEFAULT NULL,
  PRIMARY KEY (`lotId`),
  KEY `FK_itemlot1` (`bidItemId`),
  CONSTRAINT `FK_itemlot` FOREIGN KEY (`bidItemId`) REFERENCES `biditem` (`bidItemId`)
) ENGINE=InnoDB AUTO_INCREMENT=212 DEFAULT CHARSET=latin1;
/*!40101 SET character_set_client = @saved_cs_client */;

--
-- Dumping data for table `itemlot`
--

LOCK TABLES `itemlot` WRITE;
/*!40000 ALTER TABLE `itemlot` DISABLE KEYS */;
INSERT INTO `itemlot` VALUES (2,2,'8\" TO 20\" X MIX ALL CATEGORY','3\' - 7\' MTR','',20,'MT','INR','','','519',NULL),(3,3,'8\" TO 20\" X MIX ALL CATEGORY','3\' - 8\' MTR','',20,'MT','INR','','','519a',NULL),(4,4,'8\" TO 20\" X MIX ALL CATEGORY','1\' - 5\' MTR','',10,'MT','INR','','','519b',NULL),(5,5,'8\" X 6.4 - 10 CROSS WELD & WINDO','13\' - 20\' MTR','',15,'MT','INR','','','501',NULL),(6,6,'8\" X 6.4 - 10 CROSS WELD & WINDO','13\' - 20\' MTR','',15,'MT','INR','','','502',NULL),(7,7,'8\" X 6.4 - 10 CROSS WELD & WINDO','13\' - 20\' MTR','',15,'MT','INR','','','503',NULL),(8,8,'8\" X 6.4 - 10 CROSS WELD & WINDO','8\' - 13\' MTR','',10,'MT','INR','','','514',NULL),(9,9,'8\" X 6.4 - 11 CROSS WELD & WINDO','13\' - 20\' MTR','',15,'MT','INR','','','504',NULL),(10,10,'9-5/8\" X 8 - 10 CROSS WELD & WIN','13\' - 20\' MTR','',15,'MT','INR','','','505',NULL),(11,11,'10\" X 6.4 - 10 CROSS WELD & WIND','13\' - 20\' MTR','',5,'MT','INR','','','506',NULL),(12,12,'12\" X 6.4 - 10 CROSS WELD & WIND','8\' - 13\'MTR','',4,'MT','INR','','','515',NULL),(13,13,'16\" X 4.6 - 6.35 CROSS WELD & WI','13\' - 20\' MTR','',3,'MT','INR','','','507',NULL),(14,14,'16\" X 6.4 - 12.7 CROSS WELD & WI','13\' - 20\' MTR','',5,'MT','INR','','','508',NULL),(15,15,'16\" X 6.4 - 12.7 CROSS WELD & WI','8\' - 13\' MTR','',10,'MT','INR','','','516',NULL),(16,16,'18\" X 6.4 - 10 CROSS WELD & WIND','13\' - 20\' MTR','',15,'MT','INR','','','510',NULL),(17,17,'18\" X 6.4 - 11 CROSS WELD & WIND','8\' - 13\' MTR','',5,'MT','INR','','','517',NULL),(18,18,'18\" X 4.6 - 6.35 CROSS WELD & WI','13\' - 20\' MTR','',5,'MT','INR','','','509',NULL),(19,19,'20\" X 6.4 - 10 CROSS WELD & WIND','13\' - 20\' MTR','',10,'MT','INR','','','513',NULL),(20,20,'20\" X 4.6 - 12.7 CROSS WELD & WI','8\' - 13\' MTR','',10,'MT','INR','','','518',NULL),(21,21,'20\" X 4.6 - 6.35 CROSS WELD & WI','13\' - 20\' MTR','',5,'MT','INR','','','511',NULL),(22,22,'20\" X 6.4 - 12.7 CROSS WELD & WI','13\' - 20\' MTR','',10,'MT','INR','','','512',NULL),(23,23,'8\" TO 20\" X MIX ALL CATEGORY','3\' - 7\' MTR','',20,'MT','INR','','','519',NULL),(24,24,'8\" TO 20\" X MIX ALL CATEGORY','3\' - 8\' MTR','',20,'MT','INR','','','519a',NULL),(25,25,'8\" TO 20\" X MIX ALL CATEGORY','1\' - 5\' MTR','',10,'MT','INR','','','519b',NULL),(26,26,'8\" X 6.4 - 10 CROSS WELD & WINDO','13\' - 20\' MTR','',15,'MT','INR','','','501',NULL),(27,27,'8\" X 6.4 - 10 CROSS WELD & WINDO','13\' - 20\' MTR','',15,'MT','INR','','','502',NULL),(28,28,'8\" X 6.4 - 10 CROSS WELD & WINDO','13\' - 20\' MTR','',15,'MT','INR','','','503',NULL),(29,29,'8\" X 6.4 - 10 CROSS WELD & WINDO','8\' - 13\' MTR','',10,'MT','INR','','','514',NULL),(30,30,'8\" X 6.4 - 11 CROSS WELD & WINDO','13\' - 20\' MTR','',15,'MT','INR','','','504',NULL),(31,31,'9-5/8\" X 8 - 10 CROSS WELD & WIN','13\' - 20\' MTR','',15,'MT','INR','','','505',NULL),(32,32,'10\" X 6.4 - 10 CROSS WELD & WIND','13\' - 20\' MTR','',5,'MT','INR','','','506',NULL),(33,33,'12\" X 6.4 - 10 CROSS WELD & WIND','8\' - 13\'MTR','',4,'MT','INR','','','515',NULL),(34,34,'16\" X 4.6 - 6.35 CROSS WELD & WI','13\' - 20\' MTR','',3,'MT','INR','','','507',NULL),(35,35,'16\" X 6.4 - 12.7 CROSS WELD & WI','13\' - 20\' MTR','',5,'MT','INR','','','508',NULL),(36,36,'16\" X 6.4 - 12.7 CROSS WELD & WI','8\' - 13\' MTR','',10,'MT','INR','','','516',NULL),(37,37,'18\" X 6.4 - 10 CROSS WELD & WIND','13\' - 20\' MTR','',15,'MT','INR','','','510',NULL),(38,38,'18\" X 6.4 - 11 CROSS WELD & WIND','8\' - 13\' MTR','',5,'MT','INR','','','517',NULL),(39,39,'18\" X 4.6 - 6.35 CROSS WELD & WI','13\' - 20\' MTR','',5,'MT','INR','','','509',NULL),(40,40,'20\" X 6.4 - 10 CROSS WELD & WIND','13\' - 20\' MTR','',10,'MT','INR','','','513',NULL),(41,41,'20\" X 4.6 - 12.7 CROSS WELD & WI','8\' - 13\' MTR','',10,'MT','INR','','','518',NULL),(42,42,'20\" X 4.6 - 6.35 CROSS WELD & WI','13\' - 20\' MTR','',5,'MT','INR','','','511',NULL),(43,43,'20\" X 6.4 - 12.7 CROSS WELD & WI','13\' - 20\' MTR','',10,'MT','INR','','','512',NULL),(44,44,'8\" TO 20\" X MIX ALL CATEGORY','3\' - 7\' MTR','',20,'MT','INR','B/E & P/E','','519',NULL),(45,45,'8\" TO 20\" X MIX ALL CATEGORY','3\' - 8\' MTR','',20,'MT','INR','','','519',NULL),(46,46,'8\" TO 20\" X MIX ALL CATEGORY','1\' - 5\' MTR','',10,'MT','INR','','','519',NULL),(47,47,'8\" X 6.4 - 10 CROSS WELD & WINDO','13\' - 20\' MTR','',15,'MT','INR','','','501',NULL),(48,48,'8\" X 6.4 - 10 CROSS WELD & WINDO','13\' - 20\' MTR','',15,'MT','INR','','','502',NULL),(49,49,'8\" X 6.4 - 10 CROSS WELD & WINDO','13\' - 20\' MTR','',15,'MT','INR','','','503',NULL),(50,50,'8\" X 6.4 - 10 CROSS WELD & WINDO','8\' - 13\' MTR','',10,'MT','INR','','','514',NULL),(51,51,'8\" X 6.4 - 11 CROSS WELD & WINDO','13\' - 20\' MTR','',15,'MT','INR','','','504',NULL),(52,52,'9-5/8\" X 8 - 10 CROSS WELD & WIN','13\' - 20\' MTR','',15,'MT','INR','','','505',NULL),(53,53,'10\" X 6.4 - 10 CROSS WELD & WIND','13\' - 20\' MTR','',5,'MT','INR','','','506',NULL),(54,54,'12\" X 6.4 - 10 CROSS WELD & WIND','8\' - 13\'MTR','',4,'MT','INR','','','515',NULL),(55,55,'16\" X 4.6 - 6.35 CROSS WELD & WI','13\' - 20\' MTR','',3,'MT','INR','','','507',NULL),(56,56,'16\" X 6.4 - 12.7 CROSS WELD & WI','13\' - 20\' MTR','',5,'MT','INR','','','508',NULL),(57,57,'16\" X 6.4 - 12.7 CROSS WELD & WI','8\' - 13\' MTR','',10,'MT','INR','','','516',NULL),(58,58,'18\" X 6.4 - 10 CROSS WELD & WIND','13\' - 20\' MTR','',15,'MT','INR','','','510',NULL),(59,59,'18\" X 6.4 - 11 CROSS WELD & WIND','8\' - 13\' MTR','',5,'MT','INR','','','517',NULL),(60,60,'18\" X 4.6 - 6.35 CROSS WELD & WI','13\' - 20\' MTR','',5,'MT','INR','','','509',NULL),(61,61,'20\" X 6.4 - 10 CROSS WELD & WIND','13\' - 20\' MTR','',10,'MT','INR','','','513',NULL),(62,62,'20\" X 4.6 - 12.7 CROSS WELD & WI','8\' - 13\' MTR','',10,'MT','INR','','','518',NULL),(63,63,'20\" X 4.6 - 6.35 CROSS WELD & WI','13\' - 20\' MTR','',5,'MT','INR','','','511',NULL),(64,64,'20\" X 6.4 - 12.7 CROSS WELD & WI','13\' - 20\' MTR','',10,'MT','INR','','','512',NULL),(65,65,'8\" TO 20\" X MIX ALL CATEGORY','3\' - 7\' MTR','',20,'MT','INR','B/E & P/E','','519',NULL),(66,66,'8\" TO 20\" X MIX ALL CATEGORY','3\' - 8\' MTR','',20,'MT','INR','','','519',NULL),(67,67,'8\" TO 20\" X MIX ALL CATEGORY','1\' - 5\' MTR','',10,'MT','INR','','','519',NULL),(68,68,'8\" X 6.4 - 10 CROSS WELD & WINDO','13\' - 20\' MTR','',15,'MT','INR','','','501',NULL),(69,69,'8\" X 6.4 - 10 CROSS WELD & WINDO','13\' - 20\' MTR','',15,'MT','INR','','','502',NULL),(70,70,'8\" X 6.4 - 10 CROSS WELD & WINDO','13\' - 20\' MTR','',15,'MT','INR','','','503',NULL),(71,71,'8\" X 6.4 - 10 CROSS WELD & WINDO','8\' - 13\' MTR','',10,'MT','INR','','','514',NULL),(72,72,'8\" X 6.4 - 11 CROSS WELD & WINDO','13\' - 20\' MTR','',15,'MT','INR','','','504',NULL),(73,73,'9-5/8\" X 8 - 10 CROSS WELD & WIN','13\' - 20\' MTR','',15,'MT','INR','','','505',NULL),(74,74,'10\" X 6.4 - 10 CROSS WELD & WIND','13\' - 20\' MTR','',5,'MT','INR','','','506',NULL),(75,75,'12\" X 6.4 - 10 CROSS WELD & WIND','8\' - 13\'MTR','',4,'MT','INR','','','515',NULL),(76,76,'16\" X 4.6 - 6.35 CROSS WELD & WI','13\' - 20\' MTR','',3,'MT','INR','','','507',NULL),(77,77,'16\" X 6.4 - 12.7 CROSS WELD & WI','13\' - 20\' MTR','',5,'MT','INR','','','508',NULL),(78,78,'16\" X 6.4 - 12.7 CROSS WELD & WI','8\' - 13\' MTR','',10,'MT','INR','','','516',NULL),(79,79,'18\" X 6.4 - 10 CROSS WELD & WIND','13\' - 20\' MTR','',15,'MT','INR','','','510',NULL),(80,80,'18\" X 6.4 - 11 CROSS WELD & WIND','8\' - 13\' MTR','',5,'MT','INR','','','517',NULL),(81,81,'18\" X 4.6 - 6.35 CROSS WELD & WI','13\' - 20\' MTR','',5,'MT','INR','','','509',NULL),(82,82,'20\" X 6.4 - 10 CROSS WELD & WIND','13\' - 20\' MTR','',10,'MT','INR','','','513',NULL),(83,83,'20\" X 4.6 - 12.7 CROSS WELD & WI','8\' - 13\' MTR','',10,'MT','INR','','','518',NULL),(84,84,'20\" X 4.6 - 6.35 CROSS WELD & WI','13\' - 20\' MTR','',5,'MT','INR','','','511',NULL),(85,85,'20\" X 6.4 - 12.7 CROSS WELD & WI','13\' - 20\' MTR','',10,'MT','INR','','','512',NULL),(86,86,'8\" TO 20\" X MIX ALL CATEGORY','3\' - 7\' MTR','',20,'MT','INR','B/E & P/E','','519',NULL),(87,87,'8\" TO 20\" X MIX ALL CATEGORY','3\' - 8\' MTR','',20,'MT','INR','','','519',NULL),(88,88,'8\" TO 20\" X MIX ALL CATEGORY','1\' - 5\' MTR','',10,'MT','INR','','','519',NULL),(89,89,'8\" X 6.4 - 10 CROSS WELD & WINDO','13\' - 20\' MTR','',15,'MT','INR','','','501',NULL),(90,90,'8\" X 6.4 - 10 CROSS WELD & WINDO','13\' - 20\' MTR','',15,'MT','INR','','','502',NULL),(91,91,'8\" X 6.4 - 10 CROSS WELD & WINDO','13\' - 20\' MTR','',15,'MT','INR','','','503',NULL),(92,92,'8\" X 6.4 - 10 CROSS WELD & WINDO','8\' - 13\' MTR','',10,'MT','INR','','','514',NULL),(93,93,'8\" X 6.4 - 11 CROSS WELD & WINDO','13\' - 20\' MTR','',15,'MT','INR','','','504',NULL),(94,94,'9-5/8\" X 8 - 10 CROSS WELD & WIN','13\' - 20\' MTR','',15,'MT','INR','','','505',NULL),(95,95,'10\" X 6.4 - 10 CROSS WELD & WIND','13\' - 20\' MTR','',5,'MT','INR','','','506',NULL),(96,96,'12\" X 6.4 - 10 CROSS WELD & WIND','8\' - 13\'MTR','',4,'MT','INR','','','515',NULL),(97,97,'16\" X 4.6 - 6.35 CROSS WELD & WI','13\' - 20\' MTR','',3,'MT','INR','','','507',NULL),(98,98,'16\" X 6.4 - 12.7 CROSS WELD & WI','13\' - 20\' MTR','',5,'MT','INR','','','508',NULL),(99,99,'16\" X 6.4 - 12.7 CROSS WELD & WI','8\' - 13\' MTR','',10,'MT','INR','','','516',NULL),(100,100,'18\" X 6.4 - 10 CROSS WELD & WIND','13\' - 20\' MTR','',15,'MT','INR','','','510',NULL),(101,101,'18\" X 6.4 - 11 CROSS WELD & WIND','8\' - 13\' MTR','',5,'MT','INR','','','517',NULL),(102,102,'18\" X 4.6 - 6.35 CROSS WELD & WI','13\' - 20\' MTR','',5,'MT','INR','','','509',NULL),(103,103,'20\" X 6.4 - 10 CROSS WELD & WIND','13\' - 20\' MTR','',10,'MT','INR','','','513',NULL),(104,104,'20\" X 4.6 - 12.7 CROSS WELD & WI','8\' - 13\' MTR','',10,'MT','INR','','','518',NULL),(105,105,'20\" X 4.6 - 6.35 CROSS WELD & WI','13\' - 20\' MTR','',5,'MT','INR','','','511',NULL),(106,106,'20\"
 X 6.4 - 12.7 CROSS WELD & WI','13\' - 20\' MTR','',10,'MT','INR','','','512',NULL),(107,107,'8\" TO 20\" X MIX ALL CATEGORY','3\' - 7\' MTR','',20,'MT','INR','B/E & P/E','','519',NULL),(108,108,'8\" TO 20\" X MIX ALL CATEGORY','3\' - 8\' MTR','',20,'MT','INR','','','519',NULL),(109,109,'8\" TO 20\" X MIX ALL CATEGORY','1\' - 5\' MTR','',10,'MT','INR','','','519',NULL),(110,110,'8\" X 6.4 - 10 CROSS WELD & WINDO','13\' - 20\' MTR','',15,'MT','INR','','','501',NULL),(111,111,'8\" X 6.4 - 10 CROSS WELD & WINDO','13\' - 20\' MTR','',15,'MT','INR','','','502',NULL),(112,112,'8\" X 6.4 - 10 CROSS WELD & WINDO','13\' - 20\' MTR','',15,'MT','INR','','','503',NULL),(113,113,'8\" X 6.4 - 10 CROSS WELD & WINDO','8\' - 13\' MTR','',10,'MT','INR','','','514',NULL),(114,114,'8\" X 6.4 - 11 CROSS WELD & WINDO','13\' - 20\' MTR','',15,'MT','INR','','','504',NULL),(115,115,'9-5/8\" X 8 - 10 CROSS WELD & WIN','13\' - 20\' MTR','',15,'MT','INR','','','505',NULL),(116,116,'10\" X 6.4 - 10 CROSS WELD & WIND','13\' - 20\' MTR','',5,'MT','INR','','','506',NULL),(117,117,'12\" X 6.4 - 10 CROSS WELD & WIND','8\' - 13\'MTR','',4,'MT','INR','','','515',NULL),(118,118,'16\" X 4.6 - 6.35 CROSS WELD & WI','13\' - 20\' MTR','',3,'MT','INR','','','507',NULL),(119,119,'16\" X 6.4 - 12.7 CROSS WELD & WI','13\' - 20\' MTR','',5,'MT','INR','','','508',NULL),(120,120,'16\" X 6.4 - 12.7 CROSS WELD & WI','8\' - 13\' MTR','',10,'MT','INR','','','516',NULL),(121,121,'18\" X 6.4 - 10 CROSS WELD & WIND','13\' - 20\' MTR','',15,'MT','INR','','','510',NULL),(122,122,'18\" X 6.4 - 11 CROSS WELD & WIND','8\' - 13\' MTR','',5,'MT','INR','','','517',NULL),(123,123,'18\" X 4.6 - 6.35 CROSS WELD & WI','13\' - 20\' MTR','',5,'MT','INR','','','509',NULL),(124,124,'20\" X 6.4 - 10 CROSS WELD & WIND','13\' - 20\' MTR','',10,'MT','INR','','','513',NULL),(125,125,'20\" X 4.6 - 12.7 CROSS WELD & WI','8\' - 13\' MTR','',10,'MT','INR','','','518',NULL),(126,126,'20\" X 4.6 - 6.35 CROSS WELD & WI','13\' - 20\' MTR','',5,'MT','INR','','','511',NULL),(127,127,'20\" X 6.4 - 12.7 CROSS WELD & WI','13\' - 20\' MTR','',10,'MT','INR','','','512',NULL),(128,128,'8\" TO 20\" X MIX ALL CATEGORY','3\' - 7\' MTR','',20,'MT','INR','B/E & P/E','','519',NULL),(129,129,'8\" TO 20\" X MIX ALL CATEGORY','3\' - 8\' MTR','',20,'MT','INR','','','519',NULL),(130,130,'8\" TO 20\" X MIX ALL CATEGORY','1\' - 5\' MTR','',10,'MT','INR','','','519',NULL),(131,131,'8\" X 6.4 - 10 CROSS WELD & WINDO','13\' - 20\' MTR','',15,'MT','INR','','','501',NULL),(132,132,'8\" X 6.4 - 10 CROSS WELD & WINDO','13\' - 20\' MTR','',15,'MT','INR','','','502',NULL),(133,133,'8\" X 6.4 - 10 CROSS WELD & WINDO','13\' - 20\' MTR','',15,'MT','INR','','','503',NULL),(134,134,'8\" X 6.4 - 10 CROSS WELD & WINDO','8\' - 13\' MTR','',10,'MT','INR','','','514',NULL),(135,135,'8\" X 6.4 - 11 CROSS WELD & WINDO','13\' - 20\' MTR','',15,'MT','INR','','','504',NULL),(136,136,'9-5/8\" X 8 - 10 CROSS WELD & WIN','13\' - 20\' MTR','',15,'MT','INR','','','505',NULL),(137,137,'10\" X 6.4 - 10 CROSS WELD & WIND','13\' - 20\' MTR','',5,'MT','INR','','','506',NULL),(138,138,'12\" X 6.4 - 10 CROSS WELD & WIND','8\' - 13\'MTR','',4,'MT','INR','','','515',NULL),(139,139,'16\" X 4.6 - 6.35 CROSS WELD & WI','13\' - 20\' MTR','',3,'MT','INR','','','507',NULL),(140,140,'16\" X 6.4 - 12.7 CROSS WELD & WI','13\' - 20\' MTR','',5,'MT','INR','','','508',NULL),(141,141,'16\" X 6.4 - 12.7 CROSS WELD & WI','8\' - 13\' MTR','',10,'MT','INR','','','516',NULL),(142,142,'18\" X 6.4 - 10 CROSS WELD & WIND','13\' - 20\' MTR','',15,'MT','INR','','','510',NULL),(143,143,'18\" X 6.4 - 11 CROSS WELD & WIND','8\' - 13\' MTR','',5,'MT','INR','','','517',NULL),(144,144,'18\" X 4.6 - 6.35 CROSS WELD & WI','13\' - 20\' MTR','',5,'MT','INR','','','509',NULL),(145,145,'20\" X 6.4 - 10 CROSS WELD & WIND','13\' - 20\' MTR','',10,'MT','INR','','','513',NULL),(146,146,'20\" X 4.6 - 12.7 CROSS WELD & WI','8\' - 13\' MTR','',10,'MT','INR','','','518',NULL),(147,147,'20\" X 4.6 - 6.35 CROSS WELD & WI','13\' - 20\' MTR','',5,'MT','INR','','','511',NULL),(148,148,'20\" X 6.4 - 12.7 CROSS WELD & WI','13\' - 20\' MTR','',10,'MT','INR','','','512',NULL),(149,149,'8\" TO 20\" X MIX ALL CATEGORY','3\' - 7\' MTR','',20,'MT','INR','B/E & P/E','','519',NULL),(150,150,'8\" TO 20\" X MIX ALL CATEGORY','3\' - 8\' MTR','',20,'MT','INR','','','519',NULL),(151,151,'8\" TO 20\" X MIX ALL CATEGORY','1\' - 5\' MTR','',10,'MT','INR','','','519',NULL),(152,152,'8\" X 6.4 - 10 CROSS WELD & WINDO','13\' - 20\' MTR','',15,'MT','INR','','','501',NULL),(153,153,'8\" X 6.4 - 10 CROSS WELD & WINDO','13\' - 20\' MTR','',15,'MT','INR','','','502',NULL),(154,154,'8\" X 6.4 - 10 CROSS WELD & WINDO','13\' - 20\' MTR','',15,'MT','INR','','','503',NULL),(155,155,'8\" X 6.4 - 10 CROSS WELD & WINDO','8\' - 13\' MTR','',10,'MT','INR','','','514',NULL),(156,156,'8\" X 6.4 - 11 CROSS WELD & WINDO','13\' - 20\' MTR','',15,'MT','INR','','','504',NULL),(157,157,'9-5/8\" X 8 - 10 CROSS WELD & WIN','13\' - 20\' MTR','',15,'MT','INR','','','505',NULL),(158,158,'10\" X 6.4 - 10 CROSS WELD & WIND','13\' - 20\' MTR','',5,'MT','INR','','','506',NULL),(159,159,'12\" X 6.4 - 10 CROSS WELD & WIND','8\' - 13\'MTR','',4,'MT','INR','','','515',NULL),(160,160,'16\" X 4.6 - 6.35 CROSS WELD & WI','13\' - 20\' MTR','',3,'MT','INR','','','507',NULL),(161,161,'16\" X 6.4 - 12.7 CROSS WELD & WI','13\' - 20\' MTR','',5,'MT','INR','','','508',NULL),(162,162,'16\" X 6.4 - 12.7 CROSS WELD & WI','8\' - 13\' MTR','',10,'MT','INR','','','516',NULL),(163,163,'18\" X 6.4 - 10 CROSS WELD & WIND','13\' - 20\' MTR','',15,'MT','INR','','','510',NULL),(164,164,'18\" X 6.4 - 11 CROSS WELD & WIND','8\' - 13\' MTR','',5,'MT','INR','','','517',NULL),(165,165,'18\" X 4.6 - 6.35 CROSS WELD & WI','13\' - 20\' MTR','',5,'MT','INR','','','509',NULL),(166,166,'20\" X 6.4 - 10 CROSS WELD & WIND','13\' - 20\' MTR','',10,'MT','INR','','','513',NULL),(167,167,'20\" X 4.6 - 12.7 CROSS WELD & WI','8\' - 13\' MTR','',10,'MT','INR','','','518',NULL),(168,168,'20\" X 4.6 - 6.35 CROSS WELD & WI','13\' - 20\' MTR','',5,'MT','INR','','','511',NULL),(169,169,'20\" X 6.4 - 12.7 CROSS WELD & WI','13\' - 20\' MTR','',10,'MT','INR','','','512',NULL),(170,170,'8\" TO 20\" X MIX ALL CATEGORY','3\' - 7\' MTR','',20,'MT','INR','B/E & P/E','','519',NULL),(171,171,'8\" TO 20\" X MIX ALL CATEGORY','3\' - 8\' MTR','',20,'MT','INR','','','519',NULL),(172,172,'8\" TO 20\" X MIX ALL CATEGORY','1\' - 5\' MTR','',10,'MT','INR','','','519',NULL),(173,173,'8\" X 6.4 - 10 CROSS WELD & WINDO','13\' - 20\' MTR','',15,'MT','INR','','','501',NULL),(174,174,'8\" X 6.4 - 10 CROSS WELD & WINDO','13\' - 20\' MTR','',15,'MT','INR','','','502',NULL),(175,175,'8\" X 6.4 - 10 CROSS WELD & WINDO','13\' - 20\' MTR','',15,'MT','INR','','','503',NULL),(176,176,'8\" X 6.4 - 10 CROSS WELD & WINDO','8\' - 13\' MTR','',10,'MT','INR','','','514',NULL),(177,177,'8\" X 6.4 - 11 CROSS WELD & WINDO','13\' - 20\' MTR','',15,'MT','INR','','','504',NULL),(178,178,'9-5/8\" X 8 - 10 CROSS WELD & WIN','13\' - 20\' MTR','',15,'MT','INR','','','505',NULL),(179,179,'10\" X 6.4 - 10 CROSS WELD & WIND','13\' - 20\' MTR','',5,'MT','INR','','','506',NULL),(180,180,'12\" X 6.4 - 10 CROSS WELD & WIND','8\' - 13\'MTR','',4,'MT','INR','','','515',NULL),(181,181,'16\" X 4.6 - 6.35 CROSS WELD & WI','13\' - 20\' MTR','',3,'MT','INR','','','507',NULL),(182,182,'16\" X 6.4 - 12.7 CROSS WELD & WI','13\' - 20\' MTR','',5,'MT','INR','','','508',NULL),(183,183,'16\" X 6.4 - 12.7 CROSS WELD & WI','8\' - 13\' MTR','',10,'MT','INR','','','516',NULL),(184,184,'18\" X 6.4 - 10 CROSS WELD & WIND','13\' - 20\' MTR','',15,'MT','INR','','','510',NULL),(185,185,'18\" X 6.4 - 11 CROSS WELD & WIND','8\' - 13\' MTR','',5,'MT','INR','','','517',NULL),(186,186,'18\" X 4.6 - 6.35 CROSS WELD & WI','13\' - 20\' MTR','',5,'MT','INR','','','509',NULL),(187,187,'20\" X 6.4 - 10 CROSS WELD & WIND','13\' - 20\' MTR','',10,'MT','INR','','','513',NULL),(188,188,'20\" X 4.6 - 12.7 CROSS WELD & WI','8\' - 13\' MTR','',10,'MT','INR','','','518',NULL),(189,189,'20\" X 4.6 - 6.35 CROSS WELD & WI','13\' - 20\' MTR','',5,'MT','INR','','','511',NULL),(190,190,'20\" X 6.4 - 12.7 CROSS WELD & WI','13\' - 20\' MTR','',10,'MT','INR','','','512',NULL),(191,191,'8\" TO 20\" X MIX ALL CATEGORY','3\' - 7\' MTR','',20,'MT','INR','','','519',NULL),(192,192,'8\" TO 20\" X MIX ALL CATEGORY','3\' - 8\' MTR','',20,'MT','INR','','','519a',NULL),(193,193,'8\" TO 20\" X MIX ALL CATEGORY','1\' - 5\' MTR','',10,'MT','INR','','','519b',NULL),(194,194,'8\" X 6.4 - 10 CROSS WELD & WINDO','13\' - 20\' MTR','',15,'MT','INR','','','501',NULL),(195,195,'8\" X 6.4 - 10 CROSS WELD & WINDO','13\' - 20\' MTR','',15,'MT','INR','','','502',NULL),(196,196,'8\" X 6.4 - 10 CROSS WELD & WINDO','13\' - 20\' MTR','',15,'MT','INR','','','503',NULL),(197,197,'8\" X 6.4 - 10 CROSS WELD & WINDO','8\' - 13\' MTR','',10,'MT','INR','','','514',NULL),(198,198,'8\" X 6.4 - 11 CROSS WELD & WINDO','13\' - 20\' MTR','',15,'MT','INR','','','504',NULL),(199,199,'9-5/8\" X 8 - 10 CROSS WELD & WIN','13\' - 20\' MTR','',15,'MT','INR','','','505',NULL),(200,200,'10\" X 6.4 - 10 CROSS WELD & WIND','13\' - 20\' MTR','',5,'MT','INR','','','506',NULL),(201,201,'12\" X 6.4 - 10 CROSS WELD & WIND','8\' - 13\'MTR','',4,'MT','INR','','','515',NULL),(202,202,'16\" X 4.6 - 6.35 CROSS WELD & WI','13\' - 20\' MTR','',3,'MT','INR','','','507',NULL),(203,203,'16\" X 6.4 - 12.7 CROSS WELD & WI','13\' - 20\' MTR','',5,'MT','INR','','','508',NULL),(204,204,'16\" X 6.4 - 12.7 CROSS WELD & WI','8\' - 13\' MTR','',10,'MT','INR','','','516',NULL),(205,205,'18\" X 6.4 - 10 CROSS WELD & WIND','13\' - 20\' MTR','',15,'MT','INR','','','510',NULL),(206,206,'18\" X 6.4 - 11 CROSS WELD & WIND','8\' - 13\' MTR','',5,'MT','INR','','','517',NULL),(207,207,'18\" X 4.6 - 6.35 CROSS WELD & WI','13\' - 20\' MTR','',5,'MT','INR','','','509',NULL),(208,208,'20\" X 6.4
 - 10 CROSS WELD & WIND','13\' - 20\' MTR','',10,'MT','INR','','','513',NULL),(209,209,'20\" X 4.6 - 12.7 CROSS WELD & WI','8\' - 13\' MTR','',10,'MT','INR','','','518',NULL),(210,210,'20\" X 4.6 - 6.35 CROSS WELD & WI','13\' - 20\' MTR','',5,'MT','INR','','','511',NULL),(211,211,'20\" X 6.4 - 12.7 CROSS WELD & WI','13\' - 20\' MTR','',10,'MT','INR','','','512',NULL);
/*!40000 ALTER TABLE `itemlot` ENABLE KEYS */;
UNLOCK TABLES;

--
-- Table structure for table `lots_status`
--

DROP TABLE IF EXISTS `lots_status`;
/*!40101 SET @saved_cs_client     = @@character_set_client */;
/*!40101 SET character_set_client = utf8 */;
CREATE TABLE `lots_status` (
  `LOT_STATUS_ID` bigint(5) NOT NULL AUTO_INCREMENT,
  `LOTS_STATUS` varchar(20) NOT NULL,
  `LOTS_STATUS_DESC` varchar(50) DEFAULT NULL,
  PRIMARY KEY (`LOT_STATUS_ID`)
) ENGINE=MyISAM AUTO_INCREMENT=5 DEFAULT CHARSET=latin1;
/*!40101 SET character_set_client = @saved_cs_client */;

--
-- Dumping data for table `lots_status`
--

LOCK TABLES `lots_status` WRITE;
/*!40000 ALTER TABLE `lots_status` DISABLE KEYS */;
INSERT INTO `lots_status` VALUES (1,'H1','H1'),(2,'H2','H2'),(3,'H3','H3'),(4,'REJECTED','REJECTED');
/*!40000 ALTER TABLE `lots_status` ENABLE KEYS */;
UNLOCK TABLES;

--
-- Table structure for table `markets`
--

DROP TABLE IF EXISTS `markets`;
/*!40101 SET @saved_cs_client     = @@character_set_client */;
/*!40101 SET character_set_client = utf8 */;
CREATE TABLE `markets` (
  `marketId` bigint(20) NOT NULL AUTO_INCREMENT,
  `name` varchar(40) NOT NULL,
  `description` varchar(100) DEFAULT NULL,
  PRIMARY KEY (`marketId`)
) ENGINE=InnoDB AUTO_INCREMENT=3 DEFAULT CHARSET=latin1;
/*!40101 SET character_set_client = @saved_cs_client */;

--
-- Dumping data for table `markets`
--

LOCK TABLES `markets` WRITE;
/*!40000 ALTER TABLE `markets` DISABLE KEYS */;
INSERT INTO `markets` VALUES (1,'FORWARD_MARKET',NULL),(2,'REVERSE_MARKET',NULL);
/*!40000 ALTER TABLE `markets` ENABLE KEYS */;
UNLOCK TABLES;

--
-- Table structure for table `useractivity`
--

DROP TABLE IF EXISTS `useractivity`;
/*!40101 SET @saved_cs_client     = @@character_set_client */;
/*!40101 SET character_set_client = utf8 */;
CREATE TABLE `useractivity` (
  `sessionId` varchar(255) NOT NULL,
  `auctionId` bigint(20) DEFAULT NULL,
  `userId` bigint(20) DEFAULT NULL,
  `loginTime` timestamp NOT NULL DEFAULT CURRENT_TIMESTAMP ON UPDATE CURRENT_TIMESTAMP,
  `message` varchar(255) DEFAULT NULL,
  `role` varchar(100) DEFAULT NULL,
  PRIMARY KEY (`sessionId`)
) ENGINE=InnoDB DEFAULT CHARSET=latin1;
/*!40101 SET character_set_client = @saved_cs_client */;

--
-- Dumping data for table `useractivity`
--

LOCK TABLES `useractivity` WRITE;
/*!40000 ALTER TABLE `useractivity` DISABLE KEYS */;
INSERT INTO `useractivity` VALUES ('067CDA3AD349310100328AE8F727E077',NULL,1,'2015-07-29 18:17:20','Login Successful.','ROLE_ADMIN'),('06CDDE408DD73044EF611EBE25DFAC68',NULL,5,'2012-05-13 18:05:50','Login Successful.','ROLE_SUPER_ADMIN'),('0BB45841BE552EBA2C466EF6C774CEBE',NULL,5,'2012-05-13 17:04:50','Login Successful.','ROLE_SUPER_ADMIN'),('111E77C0C1E279EFF27E016D37A79B7A',NULL,5,'2012-05-13 17:18:38','Login Successful.','ROLE_SUPER_ADMIN'),('123FB8FC4CE3D7DF0B6A7A3AD60F8BB4',75,2,'2012-05-13 18:52:32','Login Successful.','ROLE_BIDDER'),('13A6C3FD427A96DDABCFDE4E797FDCBD',NULL,5,'2012-05-14 04:03:00','Login Successful.','ROLE_SUPER_ADMIN'),('1422BBA72C3FF2BEF9041CD34B59F488',NULL,5,'2012-05-13 08:13:55','Login Successful.','ROLE_SUPER_ADMIN'),('166738D9AF408C06E1260FD302FFE819',NULL,2,'2015-07-31 05:05:52','Login Successful.','ROLE_BIDDER'),('16AE891CFF1F562A1F031D74B3032A98',NULL,5,'2012-05-13 16:16:35','Login Successful.','ROLE_SUPER_ADMIN'),('1988CE1345131814019D20EC8F5A0490',NULL,4,'2012-05-14 18:19:26','Login Successful.','ROLE_OBSERVER'),('1A83646D35C6D770FF5239F9EFA6F2D1',76,3,'2012-05-14 16:09:09','Login Successful.','ROLE_BIDDER'),('1BAD400F9A4ABEFC515266CA0B079035',NULL,4,'2015-07-30 08:12:32','Login Successful.','ROLE_OBSERVER'),('1D9FAAE12D66FC6019A0EAEFA51B173B',NULL,2,'2015-07-31 06:33:37','Login Successful.','ROLE_BIDDER'),('20845031627DC33BA96AEA1CD79ED1A7',74,2,'2012-05-13 18:18:01','Login Successful.','ROLE_BIDDER'),('21E9CE17CDF333F7FCC6CF4131BBBA00',NULL,5,'2012-05-13 18:12:28','Login Successful.','ROLE_SUPER_ADMIN'),('224733F178909B1144DFAB6F0DAA079F',NULL,2,'2015-08-01 09:00:00','Login Successful.','ROLE_BIDDER'),('25E419C746FA928405DD622578867647',NULL,2,'2015-07-30 06:06:28','Login Successful.','ROLE_BIDDER'),('2AF98FB576A459FA3B0CE7B08B06E1E7',NULL,4,'2012-05-13 18:24:21','Login Successful.','ROLE_OBSERVER'),('31CAAC63AE75BE5019297B6B4BF9C36C',NULL,1,'2015-07-29 12:58:54','Login Successful.','ROLE_ADMIN'),('3331B4253332D8152457D67A15578EC9',NULL,2,'2015-07-30 10:22:16','Login Successful.','ROLE_BIDDER'),('3B4D6FAA82FE2415328DEA19829B9D06',NULL,1,'2015-07-30 08:09:02','Login Successful.','ROLE_ADMIN'),('3CE8C649491105205E738B7FCA38AF4E',NULL,5,'2012-05-14 16:07:58','Login Successful.','ROLE_SUPER_ADMIN'),('3F27B721AC53629E9A62F13DB15B4D57',NULL,5,'2012-05-13 17:34:31','Login Successful.','ROLE_SUPER_ADMIN'),('4205BD5A423D4C3ED6EE390241A75EAD',NULL,1,'2015-07-30 08:06:02','Login Successful.','ROLE_ADMIN'),('49A3E8173C57DB88E4FC182615CBC51D',NULL,5,'2012-05-13 18:23:55','Login Successful.','ROLE_SUPER_ADMIN'),('50869C7F57EFAD61E25FD76E9C5F4EDA',NULL,4,'2015-07-31 09:33:59','Login Successful.','ROLE_OBSERVER'),('576F4491994C6B47F5B0DE5E27B714E7',NULL,2,'2012-05-13 18:06:45','Login Successful.','ROLE_BIDDER'),('58450046E34D56E7004574E7274770CE',NULL,4,'2012-05-13 19:12:06','Login Successful.','ROLE_OBSERVER'),('58A80A502D079B661434BFDD080967F2',NULL,5,'2012-05-13 16:01:14','Login Successful.','ROLE_SUPER_ADMIN'),('5D678C3BBA662A2C4A8F10515164F27E',NULL,5,'2012-05-14 18:16:29','Login Successful.','ROLE_SUPER_ADMIN'),('6180AC2A100ABBA16DB89C69F3B0B6B6',NULL,2,'2015-07-30 07:34:58','Login Successful.','ROLE_BIDDER'),('653FD2B6EE9F161042EAC3F7468DD2DA',NULL,5,'2012-05-13 08:02:26','Login Successful.','ROLE_SUPER_ADMIN'),('6A3AFF40B629171D30298FAE8480AEB3',NULL,4,'2015-07-29 12:59:04','Login Successful.','ROLE_OBSERVER'),('6B4D6C1422631FF1AD92ABA2E1AF7E2D',NULL,2,'2012-05-14 16:14:59','Login Successful.','ROLE_BIDDER'),('6C44DA60C97BE9E23A134A8F16DA9DFF',NULL,4,'2015-07-31 04:50:30','Login Successful.','ROLE_OBSERVER'),('70EDB8912A62D97E2E0FF7A821C22D99',NULL,1,'2015-07-30 08:04:23','Login Successful.','ROLE_ADMIN'),('73332369C5615BB79DABE13139FF148D',NULL,1,'2015-07-31 06:33:48','Login Successful.','ROLE_ADMIN'),('7601E20F369FC99A3DD92A697E205333',NULL,5,'2012-05-14 18:44:10','Login Successful.','ROLE_SUPER_ADMIN'),('78793243FBE7202632883D24737D679B',NULL,4,'2012-05-14 16:14:36','Login Successful.','ROLE_OBSERVER'),('7B251E2BE2D54F013BD65A7C938DC57C',NULL,1,'2015-07-30 08:10:02','Login Successful.','ROLE_ADMIN'),('80D92A8333A4817F72B980BFA9E1549C',NULL,4,'2015-07-31 10:45:01','Login Successful.','ROLE_OBSERVER'),('81E8B98FDCC5DA457D285EF2F57F330B',75,3,'2012-05-13 18:53:01','Login Successful.','ROLE_BIDDER'),('8C9121F5C1CBAF8E0200AB4E653BC5E8',NULL,5,'2012-05-13 17:34:28','Login Successful.','ROLE_SUPER_ADMIN'),('952C1B4A9FCB09A167B1DBE86116D459',NULL,2,'2015-07-30 10:31:11','Login Successful.','ROLE_BIDDER'),('9581EE0F51D5BC76CD5B2E72A23704A1',NULL,1,'2015-07-30 10:04:54','Login Successful.','ROLE_ADMIN'),('9813155E87F3A2E79F743C5F88D74F08',NULL,1,'2015-07-31 05:17:02','Login Successful.','ROLE_ADMIN'),('9A3CDC97F87B94B1F12277888C67BED5',NULL,4,'2015-07-31 07:18:36','Login Successful.','ROLE_OBSERVER'),('9CC3927BF1313518546F67500E47FBB0',NULL,5,'2012-05-13 17:24:00','Login Successful.','ROLE_SUPER_ADMIN'),('9E6834131795CFC62327EEC1D44B4FD6',NULL,4,'2015-07-31 07:23:31','Login Successful.','ROLE_OBSERVER'),('9E738FB5A0BE66408C1DE0FCCAA74CED',NULL,2,'2012-05-14 04:13:09','Login Successful.','ROLE_BIDDER'),('A04792593E812FB3DC976217C61C85EC',NULL,4,'2012-05-14 18:43:15','Login Successful.','ROLE_OBSERVER'),('A3BCBE79CB04C5930E9618FD49762542',NULL,1,'2015-07-30 10:15:18','Login Successful.','ROLE_ADMIN'),('AB579CE2C1117218B2FA8E98E1FCF48A',NULL,4,'2015-08-01 05:07:50','Login Successful.','ROLE_OBSERVER'),('B0350F7E529D2328995BA931D45B1785',NULL,2,'2014-01-08 16:23:40','Login Successful.','ROLE_BIDDER'),('B0AEF2154177D747F3149A309F3FFA99',NULL,1,'2015-07-31 04:49:39','Login Successful.','ROLE_ADMIN'),('B30D7C392C062152EE7EEB677BE1303A',NULL,1,'2015-07-30 06:07:15','Login Successful.','ROLE_ADMIN'),('B7AFD4C8F40CE8EF9CB39EFC4EB8CC95',NULL,5,'2012-05-13 18:51:30','Login Successful.','ROLE_SUPER_ADMIN'),('BB4D0349381CE159821089D6E54910AC',NULL,2,'2015-07-29 12:59:13','Login Successful.','ROLE_BIDDER'),('C351208405136434EBED167A5FE6EDE4',76,2,'2012-05-14 16:08:45','Login Successful.','ROLE_BIDDER'),('C6EB7D8885BBAEDD3DE3F28196647DF8',NULL,3,'2012-05-14 04:11:56','Login Successful.','ROLE_BIDDER'),('C7AF8E98BC1385C1A02992F7C2FD6BAB',NULL,1,'2015-07-31 06:32:01','Login Successful.','ROLE_ADMIN'),('CAE624694556FD408E2617646A4D609C',NULL,4,'2015-07-30 09:16:36','Login Successful.','ROLE_OBSERVER'),('CBF1A02825EF64CB4AD59AED159CFBC6',NULL,1,'2015-07-31 05:06:30','Login Successful.','ROLE_ADMIN'),('CDA01293AE48AD06AB341C1C965F58B5',NULL,5,'2012-05-13 07:45:54','Login Successful.','ROLE_SUPER_ADMIN'),('D568EEE0FD71D66C6C4CB0353B749D71',NULL,2,'2012-05-13 18:01:22','Login Successful.','ROLE_BIDDER'),('DA96271B3768213BC13B585E681A3566',NULL,1,'2015-07-31 05:28:24','Login Successful.','ROLE_ADMIN'),('DAC9AD3B2B253EE31EBEDE730ADB806D',NULL,5,'2012-05-13 16:07:22','Login Successful.','ROLE_SUPER_ADMIN'),('DB08A55FCF24F25E6DD94D0E23819D08',NULL,5,'2012-05-13 17:04:52','Login Successful.','ROLE_SUPER_ADMIN'),('DC7380A2277A26A4DBF0BCD4F4D6F655',NULL,2,'2012-05-14 18:19:06','Login Successful.','ROLE_BIDDER'),('E5AECFF6E0365A0B00C612D6E5E880C4',NULL,5,'2012-05-13 15:54:22','Login Successful.','ROLE_SUPER_ADMIN'),('E9CE61B46B869DB8462D19E3103819C6',NULL,1,'2014-01-08 16:23:17','Login Successful.','ROLE_ADMIN'),('EACF07C5110FC45840D2D494E7E9DD0D',NULL,1,'2015-07-30 07:40:37','Login Successful.','ROLE_ADMIN'),('F8AA4EBAD7FE66CA478C9AB5F132B999',73,2,'2012-05-13 17:57:38','Login Successful.','ROLE_BIDDER'),('FB8DE3DDC50A38B1EBCDAC801080A31C',NULL,4,'2012-05-14 18:42:15','Login Successful.','ROLE_OBSERVER');
/*!40000 ALTER TABLE `useractivity` ENABLE KEYS */;
UNLOCK TABLES;

--
-- Table structure for table `userdetails`
--

DROP TABLE IF EXISTS `userdetails`;
/*!40101 SET @saved_cs_client     = @@character_set_client */;
/*!40101 SET character_set_client = utf8 */;
CREATE TABLE `userdetails` (
  `userDetailsId` bigint(20) NOT NULL AUTO_INCREMENT,
  `userId` bigint(20) NOT NULL,
  `firstName` varchar(50) NOT NULL,
  `middleName` varchar(50) DEFAULT NULL,
  `lastName` varchar(50) DEFAULT NULL,
  `age` tinyint(4) DEFAULT NULL,
  `gender` char(1) DEFAULT NULL,
  `dateofbirth` date DEFAULT NULL,
  `primaryContactId` bigint(20) DEFAULT NULL,
  `secondContactId` bigint(20) DEFAULT NULL,
  `addressId` bigint(20) DEFAULT NULL,
  PRIMARY KEY (`userDetailsId`),
  KEY `FK_userdetails` (`userId`),
  KEY `FK_userdetails_contact` (`primaryContactId`),
  KEY `FK_userdetails_second` (`secondContactId`),
  KEY `FK_userdetails_addr` (`addressId`),
  CONSTRAINT `FK_userdetails_addr` FOREIGN KEY (`addressId`) REFERENCES `address` (`addressId`),
  CONSTRAINT `FK_userdetails_contact` FOREIGN KEY (`primaryContactId`) REFERENCES `contactdetails` (`contactId`),
  CONSTRAINT `FK_userdetails_second` FOREIGN KEY (`secondContactId`) REFERENCES `contactdetails` (`contactId`)
) ENGINE=InnoDB AUTO_INCREMENT=17 DEFAULT CHARSET=latin1;
/*!40101 SET character_set_client = @saved_cs_client */;

--
-- Dumping data for table `userdetails`
--

LOCK TABLES `userdetails` WRITE;
/*!40000 ALTER TABLE `userdetails` DISABLE KEYS */;
INSERT INTO `userdetails` VALUES (1,6,'pd','sharma','singh',NULL,NULL,NULL,NULL,NULL,NULL),(2,7,'Shree Ganesh ','','Tube Supplier ',NULL,NULL,NULL,NULL,NULL,NULL),(3,8,'Asia Steel ','','Center',NULL,NULL,NULL,NULL,NULL,NULL),(4,9,'Delhi Steel Tube','',' ',NULL,NULL,NULL,NULL,NULL,NULL),(5,10,'Anshika Steel','',' ',NULL,NULL,NULL,NULL,NULL,NULL),(6,11,'Goel Sales Corporation ','',' ',NULL,NULL,NULL,NULL,NULL,NULL),(7,12,'A K ','','Gupta',NULL,NULL,NULL,NULL,NULL,NULL),(8,13,'PD','','Sharma',NULL,NULL,NULL,NULL,NULL,NULL),(9,14,'Shiv','','Kumar',NULL,NULL,NULL,NULL,NULL,NULL),(10,15,'RS','','Gupta',NULL,NULL,NULL,NULL,NULL,NULL),(11,16,'ABHISHEK','','KUMAR',NULL,NULL,NULL,NULL,NULL,NULL),(12,1,'admin1',NULL,NULL,NULL,NULL,NULL,NULL,NULL,NULL),(13,2,'bidder1',NULL,NULL,NULL,NULL,NULL,NULL,NULL,NULL),(14,3,'bidder2',NULL,NULL,NULL,NULL,NULL,NULL,NULL,NULL),(15,4,'observer1',NULL,NULL,NULL,NULL,NULL,NULL,NULL,NULL),(16,5,'superadmin',NULL,NULL,NULL,NULL,NULL,NULL,NULL,NULL);
/*!40000 ALTER TABLE `userdetails` ENABLE KEYS */;
UNLOCK TABLES;

--
-- Table structure for table `variable`
--

DROP TABLE IF EXISTS `variable`;
/*!40101 SET @saved_cs_client     = @@character_set_client */;
/*!40101 SET character_set_client = utf8 */;
CREATE TABLE `variable` (
  `id` bigint(20) unsigned NOT NULL AUTO_INCREMENT,
  `version` tinyint(3) unsigned DEFAULT '1',
  `time_extension` int(10) unsigned DEFAULT NULL,
  `time_differnrce` int(10) unsigned DEFAULT NULL,
  `active_lots` int(10) unsigned DEFAULT NULL,
  `active` varchar(2) NOT NULL DEFAULT 'Y',
  PRIMARY KEY (`id`)
) ENGINE=InnoDB AUTO_INCREMENT=2 DEFAULT CHARSET=latin1;
/*!40101 SET character_set_client = @saved_cs_client */;

--
-- Dumping data for table `variable`
--

LOCK TABLES `variable` WRITE;
/*!40000 ALTER TABLE `variable` DISABLE KEYS */;
INSERT INTO `variable` VALUES (1,1,300,NULL,NULL,'Y');
/*!40000 ALTER TABLE `variable` ENABLE KEYS */;
UNLOCK TABLES;
/*!40103 SET TIME_ZONE=@OLD_TIME_ZONE */;

/*!40101 SET SQL_MODE=@OLD_SQL_MODE */;
/*!40014 SET FOREIGN_KEY_CHECKS=@OLD_FOREIGN_KEY_CHECKS */;
/*!40014 SET UNIQUE_CHECKS=@OLD_UNIQUE_CHECKS */;
/*!40101 SET CHARACTER_SET_CLIENT=@OLD_CHARACTER_SET_CLIENT */;
/*!40101 SET CHARACTER_SET_RESULTS=@OLD_CHARACTER_SET_RESULTS */;
/*!40101 SET COLLATION_CONNECTION=@OLD_COLLATION_CONNECTION */;
/*!40111 SET SQL_NOTES=@OLD_SQL_NOTES */;

-- Dump completed on 2015-08-20 14:48:08
